Running verify()...
Sieve initialized with limit: 100
Starting sieve calculation...
Sieve loops finished, omitting squares...
Searching for prefix: 2
Total primes found: 25
Base primes check for 100: True True True
Generating trie for primes, list size: 25
Trie generation complete.
Navigating to prefix node...
Link check for char: 2
Prefix node found. Terminal state of prefix node: True
Starting queue traversal. Initial queue size: 1
Find completed. Results count: 3
Verify results match: True
Expected: [2, 23, 29]
Actual: [2, 23, 29]

--------------------------------------------------
Starting Comprehensive Stress Test...
Total Iterations: 3
Bounds Array: [1000, 50000, 500000, 5000000]
Prefixes Array: [3, 32, 323, 3233, 32338]
--------------------------------------------------

==================================================
>>> ITERATION: 1 OF 3
==================================================

--- Phase 1: Range Testing ---
Testing with upper bound: 1000
Sieve initialized with limit: 1000
Starting sieve calculation...
Sieve loops finished, omitting squares...
Searching for prefix: 3
Total primes found: 168
Generating trie for primes, list size: 168
Trie generation complete.
Navigating to prefix node...
Link check for char: 3
Prefix node found. Terminal state of prefix node: True
Starting queue traversal. Initial queue size: 1
Find completed. Results count: 19
>> Range Test Output | Bound: 1000 | Prefix: 3 | Match Count: 19
Testing with upper bound: 50000
Sieve initialized with limit: 50000
Starting sieve calculation...
Sieve loops finished, omitting squares...
Searching for prefix: 3
Total primes found: 5133
Generating trie for primes, list size: 5133
[:32.612]   Type: PyDict               | Total:       5000
[:32.613]   Type: Type                 | Total:       5000
[:32.616]   Type: PyString             | Total:       5000
Trie generation complete.
Navigating to prefix node...
Link check for char: 3
Prefix node found. Terminal state of prefix node: True
Starting queue traversal. Initial queue size: 1
Find completed. Results count: 1097
>> Range Test Output | Bound: 50000 | Prefix: 3 | Match Count: 1097
Testing with upper bound: 500000
Sieve initialized with limit: 500000
Starting sieve calculation...
Processing loop_x, x = 500
Sieve loops finished, omitting squares...
Searching for prefix: 3
Total primes found: 41538
Generating trie for primes, list size: 41538
[:32.725]   Type: PyDict               | Total:      10000
[:32.725]   Type: Type                 | Total:      10000
[:32.730]   Type: PyDict               | Total:      15000
[:32.730]   Type: Type                 | Total:      15000
[:32.731]   Type: PyString             | Total:      10000
[:32.735]   Type: PyDict               | Total:      20000
[:32.735]   Type: Type                 | Total:      20000
[:32.739]   Type: PyString             | Total:      15000
[:32.740]   Type: PyDict               | Total:      25000
[:32.740]   Type: Type                 | Total:      25000
[:32.745]   Type: PyDict               | Total:      30000
[:32.745]   Type: Type                 | Total:      30000
[:32.748]   Type: PyString             | Total:      20000
[:32.750]   Type: PyDict               | Total:      35000
[:32.750]   Type: Type                 | Total:      35000
[:32.760]   Type: PyDict               | Total:      40000
[:32.761]   Type: Type                 | Total:      40000
[:32.763]   Type: PyString             | Total:      25000
[:32.767]   Type: PyDict               | Total:      45000
[:32.767]   Type: Type                 | Total:      45000
[:32.773]   Type: PyString             | Total:      30000
[:32.773]   Type: PyDict               | Total:      50000
[:32.773]   Type: Type                 | Total:      50000
[:32.779]   Type: PyDict               | Total:      55000
[:32.779]   Type: Type                 | Total:      55000
[:32.783]   Type: PyString             | Total:      35000
[:32.784]   Type: PyDict               | Total:      60000
[:32.785]   Type: Type                 | Total:      60000
[:32.790]   Type: PyDict               | Total:      65000
[:32.790]   Type: Type                 | Total:      65000
[:32.792]   Type: PyString             | Total:      40000
[:32.795]   Type: PyDict               | Total:      70000
[:32.795]   Type: Type                 | Total:      70000
[:32.801]   Type: PyDict               | Total:      75000
[:32.801]   Type: Type                 | Total:      75000
[:32.802]   Type: PyString             | Total:      45000
Trie generation complete.
Navigating to prefix node...
Link check for char: 3
Prefix node found. Terminal state of prefix node: True
Starting queue traversal. Initial queue size: 1
[:32.806]   Type: PyTuple              | Total:       5000
[:32.808]   Type: PyString             | Total:       5000
[:32.809]   Type: PyTuple              | Total:      10000
[:32.815]   Type: PyString             | Total:      10000
[:32.816]   Type: PyTuple              | Total:      15000
[:32.816]   Type: PyDictItemsIterator  | Total:       5000
[:32.823]   Type: PyTuple              | Total:      20000
[:32.825]   Type: PyString             | Total:      15000
[:32.827]   Type: PyDictItemsIterator  | Total:      10000
[:32.829]   Type: PyTuple              | Total:      25000
[:32.831]   Type: PyInteger            | Total:       5000
[:32.833]   Type: PyTuple              | Total:      30000
[:32.835]   Type: PyDictItemsIterator  | Total:      15000
[:32.836]   Type: PyTuple              | Total:      35000
[:32.838]   Type: PyInteger            | Total:      10000
Find completed. Results count: 8960
>> Range Test Output | Bound: 500000 | Prefix: 3 | Match Count: 8960
Testing with upper bound: 5000000
Sieve initialized with limit: 5000000
Starting sieve calculation...
Processing loop_x, x = 500
Processing loop_x, x = 1000
Processing loop_x, x = 1500
Processing loop_x, x = 2000
Sieve loops finished, omitting squares...
Searching for prefix: 3
Total primes found: 348513
Generating trie for primes, list size: 348513
[:34.026]   Type: PyDict               | Total:      80000
[:34.026]   Type: Type                 | Total:      80000
[:34.030]   Type: PyString             | Total:      50000
[:34.031]   Type: PyDict               | Total:      85000
[:34.031]   Type: Type                 | Total:      85000
[:34.035]   Type: PyDict               | Total:      90000
[:34.035]   Type: Type                 | Total:      90000
[:34.037]   Type: PyString             | Total:      55000
[:34.040]   Type: PyDict               | Total:      95000
[:34.040]   Type: Type                 | Total:      95000
[:34.313]  [DEBUG_ALLOC_TRACE] Type: PyDict               | Total:     100000
Stack trace (most recent call first):
#0  0x00005597a2457ac8 in _pylang_debug_log_alloc(char const*, std::atomic<unsigned long>&) at /home/lux/code/language/python-cpp/src/runtime/export/../../runtime/compat.hpp:41:16
#1  (inlined)          in py::PyDict::create()::$_0::operator()() const at /home/lux/code/language/python-cpp/src/runtime/export/../../runtime/PyDict.cpp:79:17
#2  0x00005597a2318f06 in py::PyDict::create() at /home/lux/code/language/python-cpp/src/runtime/export/../../runtime/PyDict.cpp:79:17
#3  0x00005597a223474b in rt_build_dict(int, py::PyObject**, py::PyObject**) at /home/lux/code/language/python-cpp/src/runtime/export/rt_create.cpp:74:37
#4  0x00005597a222dd13 in test.<module>.0:0.Node.3:0.__init__.4:4 at /tmp/test
#5  0x00005597a23343c1 in py::PyNativeFunction::call_fast_ptrs(py::PyObject**, unsigned long, py::PyDict*) at /home/lux/code/language/python-cpp/src/runtime/export/../../runtime/PyFunction.cpp:324:15
#6  0x00005597a2388270 in py::PyObject::init_fast_ptrs(py::PyObject**, unsigned long, py::PyDict*) at /home/lux/code/language/python-cpp/src/runtime/export/../../runtime/PyObject.cpp:1427:32
#7  0x00005597a238677a in py::PyType::call_fast_ptrs(py::PyObject**, unsigned long, py::PyDict*) at /home/lux/code/language/python-cpp/src/runtime/export/../../runtime/PyObject.cpp:1342:26
#8  0x00005597a2236b26 in rt_call_raw_ptrs(py::PyObject*, py::PyObject**, int, py::PyObject*) at /home/lux/code/language/python-cpp/src/runtime/export/rt_func.cpp:224:42
#9  0x00005597a222f1ab in test.<module>.0:0.generate_trie.70:0 at /tmp/test
#10 0x00005597a23343c1 in py::PyNativeFunction::call_fast_ptrs(py::PyObject**, unsigned long, py::PyDict*) at /home/lux/code/language/python-cpp/src/runtime/export/../../runtime/PyFunction.cpp:324:15
#11 0x00005597a2236b26 in rt_call_raw_ptrs(py::PyObject*, py::PyObject**, int, py::PyObject*) at /home/lux/code/language/python-cpp/src/runtime/export/rt_func.cpp:224:42
#12 0x00005597a222f5c6 in test.<module>.0:0.find.84:0 at /tmp/test
#13 0x00005597a23343c1 in py::PyNativeFunction::call_fast_ptrs(py::PyObject**, unsigned long, py::PyDict*) at /home/lux/code/language/python-cpp/src/runtime/export/../../runtime/PyFunction.cpp:324:15
#14 0x00005597a2236b26 in rt_call_raw_ptrs(py::PyObject*, py::PyObject**, int, py::PyObject*) at /home/lux/code/language/python-cpp/src/runtime/export/rt_func.cpp:224:42
#15 0x00005597a2230643 in test.<module>.0:0.run_stress_test.141:0 at /tmp/test
#16 0x00005597a23343c1 in py::PyNativeFunction::call_fast_ptrs(py::PyObject**, unsigned long, py::PyDict*) at /home/lux/code/language/python-cpp/src/runtime/export/../../runtime/PyFunction.cpp:324:15
#17 0x00005597a2236b26 in rt_call_raw_ptrs(py::PyObject*, py::PyObject**, int, py::PyObject*) at /home/lux/code/language/python-cpp/src/runtime/export/rt_func.cpp:224:42
#18 0x00005597a222dc3c in PyInit_test at /tmp/test
#19 0x00005597a2230cda in main at /tmp/test
#20 0x00007ffa7362a1c9 in __libc_start_call_main at ./csu/../sysdeps/nptl/libc_start_call_main.h:58:16
#21 0x00007ffa7362a28a in __libc_start_main_impl at ./csu/../csu/libc-start.c:360:3
#22 0x00005597a222d904 in _start at /tmp/test
[:34.371]  [DEBUG_ALLOC_TRACE] Type: Type                 | Total:     100000
Stack trace (most recent call first):
#0  0x00005597a2457ac8 in _pylang_debug_log_alloc(char const*, std::atomic<unsigned long>&) at /home/lux/code/language/python-cpp/src/runtime/export/../../runtime/compat.hpp:41:16
#1  (inlined)          in py::TypePrototype::create<py::PyObject>(std::basic_string_view<char, std::char_traits<char> >)::{lambda(py::PyType*)#1}::operator()(py::PyType*) const::{lambda()#1}::operator()() const::{lambda()#2}::operator()() const at /home/lux/code/language/python-cpp/src/runtime/export/../../runtime/PyObject.hpp:596:12
#2  0x00005597a25f64b3 in py::TypePrototype::create<py::PyObject>(std::basic_string_view<char, std::char_traits<char> >)::{lambda(py::PyType*)#1}::operator()(py::PyType*) const::{lambda()#1}::operator()() const at /home/lux/code/language/python-cpp/src/runtime/export/../../runtime/PyObject.hpp:596:12
#3  (inlined)          in py::TypePrototype::create<py::PyObject>(std::basic_string_view<char, std::char_traits<char> >)::{lambda(py::PyType*)#1}::operator()(py::PyType*) const at /home/lux/code/language/python-cpp/src/runtime/export/../../runtime/PyObject.hpp:588:15
#4  (inlined)          in py::PyResult<py::PyObject*> std::__invoke_impl<py::PyResult<py::PyObject*>, py::TypePrototype::create<py::PyObject>(std::basic_string_view<char, std::char_traits<char> >)::{lambda(py::PyType*)#1}&, py::PyType*>(std::__invoke_other, py::TypePrototype::create<py::PyObject>(std::basic_string_view<char, std::char_traits<char> >)::{lambda(py::PyType*)#1}&, py::PyType*&&) at /usr/lib/gcc/x86_64-linux-gnu/13/../../../../include/c++/13/bits/invoke.h:61:14
#5  (inlined)          in std::enable_if<is_invocable_r_v<py::PyResult<py::PyObject*>, py::TypePrototype::create<py::PyObject>(std::basic_string_view<char, std::char_traits<char> >)::{lambda(py::PyType*)#1}&, py::PyType*>, py::PyResult<py::PyObject*> >::type std::__invoke_r<py::PyResult<py::PyObject*>, py::TypePrototype::create<py::PyObject>(std::basic_string_view<char, std::char_traits<char> >)::{lambda(py::PyType*)#1}&, py::PyType*>(py::TypePrototype::create<py::PyObject>(std::basic_string_view<char, std::char_traits<char> >)::{lambda(py::PyType*)#1}&, py::PyType*&&) at /usr/lib/gcc/x86_64-linux-gnu/13/../../../../include/c++/13/bits/invoke.h:114:9
#6  0x00005597a25f6275 in std::_Function_handler<py::PyResult<py::PyObject*> (py::PyType*), py::TypePrototype::create<py::PyObject>(std::basic_string_view<char, std::char_traits<char> >)::{lambda(py::PyType*)#1}>::_M_invoke(std::_Any_data const&, py::PyType*&&) at /usr/lib/gcc/x86_64-linux-gnu/13/../../../../include/c++/13/bits/std_function.h:290:9
#7  (inlined)          in std::function<py::PyResult<py::PyObject*> (py::PyType*)>::operator()(py::PyType*) const at /usr/lib/gcc/x86_64-linux-gnu/13/../../../../include/c++/13/bits/std_function.h:591:9
#8  0x00005597a243d0c3 in py::PyType::heap_object_allocation(py::PyType*) at /home/lux/code/language/python-cpp/src/runtime/export/../../runtime/PyType.cpp:490:55
#9  (inlined)          in std::function<py::PyResult<py::PyObject*> (py::PyType*)>::operator()(py::PyType*) const at /usr/lib/gcc/x86_64-linux-gnu/13/../../../../include/c++/13/bits/std_function.h:591:9
#10 0x00005597a2386462 in py::PyType::call_fast_ptrs(py::PyObject**, unsigned long, py::PyDict*) at /home/lux/code/language/python-cpp/src/runtime/export/../../runtime/PyObject.cpp:1329:19
#11 0x00005597a2236b26 in rt_call_raw_ptrs(py::PyObject*, py::PyObject**, int, py::PyObject*) at /home/lux/code/language/python-cpp/src/runtime/export/rt_func.cpp:224:42
#12 0x00005597a222f1ab in test.<module>.0:0.generate_trie.70:0 at /tmp/test
#13 0x00005597a23343c1 in py::PyNativeFunction::call_fast_ptrs(py::PyObject**, unsigned long, py::PyDict*) at /home/lux/code/language/python-cpp/src/runtime/export/../../runtime/PyFunction.cpp:324:15
#14 0x00005597a2236b26 in rt_call_raw_ptrs(py::PyObject*, py::PyObject**, int, py::PyObject*) at /home/lux/code/language/python-cpp/src/runtime/export/rt_func.cpp:224:42
#15 0x00005597a222f5c6 in test.<module>.0:0.find.84:0 at /tmp/test
#16 0x00005597a23343c1 in py::PyNativeFunction::call_fast_ptrs(py::PyObject**, unsigned long, py::PyDict*) at /home/lux/code/language/python-cpp/src/runtime/export/../../runtime/PyFunction.cpp:324:15
#17 0x00005597a2236b26 in rt_call_raw_ptrs(py::PyObject*, py::PyObject**, int, py::PyObject*) at /home/lux/code/language/python-cpp/src/runtime/export/rt_func.cpp:224:42
#18 0x00005597a2230643 in test.<module>.0:0.run_stress_test.141:0 at /tmp/test
#19 0x00005597a23343c1 in py::PyNativeFunction::call_fast_ptrs(py::PyObject**, unsigned long, py::PyDict*) at /home/lux/code/language/python-cpp/src/runtime/export/../../runtime/PyFunction.cpp:324:15
#20 0x00005597a2236b26 in rt_call_raw_ptrs(py::PyObject*, py::PyObject**, int, py::PyObject*) at /home/lux/code/language/python-cpp/src/runtime/export/rt_func.cpp:224:42
#21 0x00005597a222dc3c in PyInit_test at /tmp/test
#22 0x00005597a2230cda in main at /tmp/test
#23 0x00007ffa7362a1c9 in __libc_start_call_main at ./csu/../sysdeps/nptl/libc_start_call_main.h:58:16
#24 0x00007ffa7362a28a in __libc_start_main_impl at ./csu/../csu/libc-start.c:360:3
#25 0x00005597a222d904 in _start at /tmp/test
[:34.372]   Type: PyString             | Total:      60000
[:34.377]   Type: PyDict               | Total:     105000
[:34.377]   Type: Type                 | Total:     105000
[:34.381]   Type: PyString             | Total:      65000
[:34.382]   Type: PyDict               | Total:     110000
[:34.383]   Type: Type                 | Total:     110000
[:34.388]   Type: PyDict               | Total:     115000
[:34.388]   Type: Type                 | Total:     115000
[:34.391]   Type: PyString             | Total:      70000
[:34.393]   Type: PyDict               | Total:     120000
[:34.394]   Type: Type                 | Total:     120000
[:34.399]   Type: PyDict               | Total:     125000
[:34.399]   Type: Type                 | Total:     125000
[:34.400]   Type: PyString             | Total:      75000
[:34.404]   Type: PyDict               | Total:     130000
[:34.404]   Type: Type                 | Total:     130000
[:34.409]   Type: PyString             | Total:      80000
[:34.410]   Type: PyDict               | Total:     135000
[:34.410]   Type: Type                 | Total:     135000
[:34.415]   Type: PyDict               | Total:     140000
[:34.415]   Type: Type                 | Total:     140000
[:34.419]   Type: PyString             | Total:      85000
[:34.421]   Type: PyDict               | Total:     145000
[:34.421]   Type: Type                 | Total:     145000
[:34.427]   Type: PyDict               | Total:     150000
[:34.427]   Type: Type                 | Total:     150000
[:34.429]   Type: PyString             | Total:      90000
[:34.432]   Type: PyDict               | Total:     155000
[:34.433]   Type: Type                 | Total:     155000
[:34.438]   Type: PyDict               | Total:     160000
[:34.438]   Type: Type                 | Total:     160000
[:34.439]   Type: PyString             | Total:      95000
[:34.443]   Type: PyDict               | Total:     165000
[:34.443]   Type: Type                 | Total:     165000
[:34.478]  [DEBUG_ALLOC_TRACE] Type: PyString             | Total:     100000
Stack trace (most recent call first):
#0  0x00005597a2457ac8 in _pylang_debug_log_alloc(char const*, std::atomic<unsigned long>&) at /home/lux/code/language/python-cpp/src/runtime/export/../../runtime/compat.hpp:41:16
#1  (inlined)          in py::PyString::create_raw(std::__cxx11::basic_string<char, std::char_traits<char>, std::allocator<char> >&&)::$_0::operator()() const at /home/lux/code/language/python-cpp/src/runtime/export/../../runtime/PyString.cpp:326:17
#2  0x00005597a23c6eeb in py::PyString::create_raw(std::__cxx11::basic_string<char, std::char_traits<char>, std::allocator<char> >&&) at /home/lux/code/language/python-cpp/src/runtime/export/../../runtime/PyString.cpp:326:17
#3  0x00005597a23854dc in py::PyType::call_fast_ptrs(py::PyObject**, unsigned long, py::PyDict*) at /home/lux/code/language/python-cpp/src/runtime/export/../../runtime/PyObject.cpp:1283:11
#4  0x00005597a2236b26 in rt_call_raw_ptrs(py::PyObject*, py::PyObject**, int, py::PyObject*) at /home/lux/code/language/python-cpp/src/runtime/export/rt_func.cpp:224:42
#5  0x00005597a222f070 in test.<module>.0:0.generate_trie.70:0 at /tmp/test
#6  0x00005597a23343c1 in py::PyNativeFunction::call_fast_ptrs(py::PyObject**, unsigned long, py::PyDict*) at /home/lux/code/language/python-cpp/src/runtime/export/../../runtime/PyFunction.cpp:324:15
#7  0x00005597a2236b26 in rt_call_raw_ptrs(py::PyObject*, py::PyObject**, int, py::PyObject*) at /home/lux/code/language/python-cpp/src/runtime/export/rt_func.cpp:224:42
#8  0x00005597a222f5c6 in test.<module>.0:0.find.84:0 at /tmp/test
#9  0x00005597a23343c1 in py::PyNativeFunction::call_fast_ptrs(py::PyObject**, unsigned long, py::PyDict*) at /home/lux/code/language/python-cpp/src/runtime/export/../../runtime/PyFunction.cpp:324:15
#10 0x00005597a2236b26 in rt_call_raw_ptrs(py::PyObject*, py::PyObject**, int, py::PyObject*) at /home/lux/code/language/python-cpp/src/runtime/export/rt_func.cpp:224:42
#11 0x00005597a2230643 in test.<module>.0:0.run_stress_test.141:0 at /tmp/test
#12 0x00005597a23343c1 in py::PyNativeFunction::call_fast_ptrs(py::PyObject**, unsigned long, py::PyDict*) at /home/lux/code/language/python-cpp/src/runtime/export/../../runtime/PyFunction.cpp:324:15
#13 0x00005597a2236b26 in rt_call_raw_ptrs(py::PyObject*, py::PyObject**, int, py::PyObject*) at /home/lux/code/language/python-cpp/src/runtime/export/rt_func.cpp:224:42
#14 0x00005597a222dc3c in PyInit_test at /tmp/test
#15 0x00005597a2230cda in main at /tmp/test
#16 0x00007ffa7362a1c9 in __libc_start_call_main at ./csu/../sysdeps/nptl/libc_start_call_main.h:58:16
#17 0x00007ffa7362a28a in __libc_start_main_impl at ./csu/../csu/libc-start.c:360:3
#18 0x00005597a222d904 in _start at /tmp/test
[:34.479]   Type: PyDict               | Total:     170000
[:34.479]   Type: Type                 | Total:     170000
[:34.484]   Type: PyDict               | Total:     175000
[:34.484]   Type: Type                 | Total:     175000
[:34.488]   Type: PyString             | Total:     105000
[:34.490]   Type: PyDict               | Total:     180000
[:34.490]   Type: Type                 | Total:     180000
[:34.495]   Type: PyDict               | Total:     185000
[:34.495]   Type: Type                 | Total:     185000
[:34.497]   Type: PyString             | Total:     110000
[:34.500]   Type: PyDict               | Total:     190000
[:34.501]   Type: Type                 | Total:     190000
[:34.506]   Type: PyDict               | Total:     195000
[:34.506]   Type: Type                 | Total:     195000
[:34.507]   Type: PyString             | Total:     115000
[:34.513]  [DEBUG_ALLOC_TRACE] Type: PyDict               | Total:     200000
Stack trace (most recent call first):
#0  0x00005597a2457ac8 in _pylang_debug_log_alloc(char const*, std::atomic<unsigned long>&) at /home/lux/code/language/python-cpp/src/runtime/export/../../runtime/compat.hpp:41:16
#1  (inlined)          in py::PyDict::create()::$_0::operator()() const at /home/lux/code/language/python-cpp/src/runtime/export/../../runtime/PyDict.cpp:79:17
#2  0x00005597a2318f06 in py::PyDict::create() at /home/lux/code/language/python-cpp/src/runtime/export/../../runtime/PyDict.cpp:79:17
#3  0x00005597a223474b in rt_build_dict(int, py::PyObject**, py::PyObject**) at /home/lux/code/language/python-cpp/src/runtime/export/rt_create.cpp:74:37
#4  0x00005597a222dd13 in test.<module>.0:0.Node.3:0.__init__.4:4 at /tmp/test
#5  0x00005597a23343c1 in py::PyNativeFunction::call_fast_ptrs(py::PyObject**, unsigned long, py::PyDict*) at /home/lux/code/language/python-cpp/src/runtime/export/../../runtime/PyFunction.cpp:324:15
#6  0x00005597a2388270 in py::PyObject::init_fast_ptrs(py::PyObject**, unsigned long, py::PyDict*) at /home/lux/code/language/python-cpp/src/runtime/export/../../runtime/PyObject.cpp:1427:32
#7  0x00005597a238677a in py::PyType::call_fast_ptrs(py::PyObject**, unsigned long, py::PyDict*) at /home/lux/code/language/python-cpp/src/runtime/export/../../runtime/PyObject.cpp:1342:26
#8  0x00005597a2236b26 in rt_call_raw_ptrs(py::PyObject*, py::PyObject**, int, py::PyObject*) at /home/lux/code/language/python-cpp/src/runtime/export/rt_func.cpp:224:42
#9  0x00005597a222f1ab in test.<module>.0:0.generate_trie.70:0 at /tmp/test
#10 0x00005597a23343c1 in py::PyNativeFunction::call_fast_ptrs(py::PyObject**, unsigned long, py::PyDict*) at /home/lux/code/language/python-cpp/src/runtime/export/../../runtime/PyFunction.cpp:324:15
#11 0x00005597a2236b26 in rt_call_raw_ptrs(py::PyObject*, py::PyObject**, int, py::PyObject*) at /home/lux/code/language/python-cpp/src/runtime/export/rt_func.cpp:224:42
#12 0x00005597a222f5c6 in test.<module>.0:0.find.84:0 at /tmp/test
#13 0x00005597a23343c1 in py::PyNativeFunction::call_fast_ptrs(py::PyObject**, unsigned long, py::PyDict*) at /home/lux/code/language/python-cpp/src/runtime/export/../../runtime/PyFunction.cpp:324:15
#14 0x00005597a2236b26 in rt_call_raw_ptrs(py::PyObject*, py::PyObject**, int, py::PyObject*) at /home/lux/code/language/python-cpp/src/runtime/export/rt_func.cpp:224:42
#15 0x00005597a2230643 in test.<module>.0:0.run_stress_test.141:0 at /tmp/test
#16 0x00005597a23343c1 in py::PyNativeFunction::call_fast_ptrs(py::PyObject**, unsigned long, py::PyDict*) at /home/lux/code/language/python-cpp/src/runtime/export/../../runtime/PyFunction.cpp:324:15
#17 0x00005597a2236b26 in rt_call_raw_ptrs(py::PyObject*, py::PyObject**, int, py::PyObject*) at /home/lux/code/language/python-cpp/src/runtime/export/rt_func.cpp:224:42
#18 0x00005597a222dc3c in PyInit_test at /tmp/test
#19 0x00005597a2230cda in main at /tmp/test
#20 0x00007ffa7362a1c9 in __libc_start_call_main at ./csu/../sysdeps/nptl/libc_start_call_main.h:58:16
#21 0x00007ffa7362a28a in __libc_start_main_impl at ./csu/../csu/libc-start.c:360:3
#22 0x00005597a222d904 in _start at /tmp/test
[:34.514]  [DEBUG_ALLOC_TRACE] Type: Type                 | Total:     200000
Stack trace (most recent call first):
#0  0x00005597a2457ac8 in _pylang_debug_log_alloc(char const*, std::atomic<unsigned long>&) at /home/lux/code/language/python-cpp/src/runtime/export/../../runtime/compat.hpp:41:16
#1  (inlined)          in py::TypePrototype::create<py::PyObject>(std::basic_string_view<char, std::char_traits<char> >)::{lambda(py::PyType*)#1}::operator()(py::PyType*) const::{lambda()#1}::operator()() const::{lambda()#2}::operator()() const at /home/lux/code/language/python-cpp/src/runtime/export/../../runtime/PyObject.hpp:596:12
#2  0x00005597a25f64b3 in py::TypePrototype::create<py::PyObject>(std::basic_string_view<char, std::char_traits<char> >)::{lambda(py::PyType*)#1}::operator()(py::PyType*) const::{lambda()#1}::operator()() const at /home/lux/code/language/python-cpp/src/runtime/export/../../runtime/PyObject.hpp:596:12
#3  (inlined)          in py::TypePrototype::create<py::PyObject>(std::basic_string_view<char, std::char_traits<char> >)::{lambda(py::PyType*)#1}::operator()(py::PyType*) const at /home/lux/code/language/python-cpp/src/runtime/export/../../runtime/PyObject.hpp:588:15
#4  (inlined)          in py::PyResult<py::PyObject*> std::__invoke_impl<py::PyResult<py::PyObject*>, py::TypePrototype::create<py::PyObject>(std::basic_string_view<char, std::char_traits<char> >)::{lambda(py::PyType*)#1}&, py::PyType*>(std::__invoke_other, py::TypePrototype::create<py::PyObject>(std::basic_string_view<char, std::char_traits<char> >)::{lambda(py::PyType*)#1}&, py::PyType*&&) at /usr/lib/gcc/x86_64-linux-gnu/13/../../../../include/c++/13/bits/invoke.h:61:14
#5  (inlined)          in std::enable_if<is_invocable_r_v<py::PyResult<py::PyObject*>, py::TypePrototype::create<py::PyObject>(std::basic_string_view<char, std::char_traits<char> >)::{lambda(py::PyType*)#1}&, py::PyType*>, py::PyResult<py::PyObject*> >::type std::__invoke_r<py::PyResult<py::PyObject*>, py::TypePrototype::create<py::PyObject>(std::basic_string_view<char, std::char_traits<char> >)::{lambda(py::PyType*)#1}&, py::PyType*>(py::TypePrototype::create<py::PyObject>(std::basic_string_view<char, std::char_traits<char> >)::{lambda(py::PyType*)#1}&, py::PyType*&&) at /usr/lib/gcc/x86_64-linux-gnu/13/../../../../include/c++/13/bits/invoke.h:114:9
#6  0x00005597a25f6275 in std::_Function_handler<py::PyResult<py::PyObject*> (py::PyType*), py::TypePrototype::create<py::PyObject>(std::basic_string_view<char, std::char_traits<char> >)::{lambda(py::PyType*)#1}>::_M_invoke(std::_Any_data const&, py::PyType*&&) at /usr/lib/gcc/x86_64-linux-gnu/13/../../../../include/c++/13/bits/std_function.h:290:9
#7  (inlined)          in std::function<py::PyResult<py::PyObject*> (py::PyType*)>::operator()(py::PyType*) const at /usr/lib/gcc/x86_64-linux-gnu/13/../../../../include/c++/13/bits/std_function.h:591:9
#8  0x00005597a243d0c3 in py::PyType::heap_object_allocation(py::PyType*) at /home/lux/code/language/python-cpp/src/runtime/export/../../runtime/PyType.cpp:490:55
#9  (inlined)          in std::function<py::PyResult<py::PyObject*> (py::PyType*)>::operator()(py::PyType*) const at /usr/lib/gcc/x86_64-linux-gnu/13/../../../../include/c++/13/bits/std_function.h:591:9
#10 0x00005597a2386462 in py::PyType::call_fast_ptrs(py::PyObject**, unsigned long, py::PyDict*) at /home/lux/code/language/python-cpp/src/runtime/export/../../runtime/PyObject.cpp:1329:19
#11 0x00005597a2236b26 in rt_call_raw_ptrs(py::PyObject*, py::PyObject**, int, py::PyObject*) at /home/lux/code/language/python-cpp/src/runtime/export/rt_func.cpp:224:42
#12 0x00005597a222f1ab in test.<module>.0:0.generate_trie.70:0 at /tmp/test
#13 0x00005597a23343c1 in py::PyNativeFunction::call_fast_ptrs(py::PyObject**, unsigned long, py::PyDict*) at /home/lux/code/language/python-cpp/src/runtime/export/../../runtime/PyFunction.cpp:324:15
#14 0x00005597a2236b26 in rt_call_raw_ptrs(py::PyObject*, py::PyObject**, int, py::PyObject*) at /home/lux/code/language/python-cpp/src/runtime/export/rt_func.cpp:224:42
#15 0x00005597a222f5c6 in test.<module>.0:0.find.84:0 at /tmp/test
#16 0x00005597a23343c1 in py::PyNativeFunction::call_fast_ptrs(py::PyObject**, unsigned long, py::PyDict*) at /home/lux/code/language/python-cpp/src/runtime/export/../../runtime/PyFunction.cpp:324:15
#17 0x00005597a2236b26 in rt_call_raw_ptrs(py::PyObject*, py::PyObject**, int, py::PyObject*) at /home/lux/code/language/python-cpp/src/runtime/export/rt_func.cpp:224:42
#18 0x00005597a2230643 in test.<module>.0:0.run_stress_test.141:0 at /tmp/test
#19 0x00005597a23343c1 in py::PyNativeFunction::call_fast_ptrs(py::PyObject**, unsigned long, py::PyDict*) at /home/lux/code/language/python-cpp/src/runtime/export/../../runtime/PyFunction.cpp:324:15
#20 0x00005597a2236b26 in rt_call_raw_ptrs(py::PyObject*, py::PyObject**, int, py::PyObject*) at /home/lux/code/language/python-cpp/src/runtime/export/rt_func.cpp:224:42
#21 0x00005597a222dc3c in PyInit_test at /tmp/test
#22 0x00005597a2230cda in main at /tmp/test
#23 0x00007ffa7362a1c9 in __libc_start_call_main at ./csu/../sysdeps/nptl/libc_start_call_main.h:58:16
#24 0x00007ffa7362a28a in __libc_start_main_impl at ./csu/../csu/libc-start.c:360:3
#25 0x00005597a222d904 in _start at /tmp/test
[:34.519]   Type: PyString             | Total:     120000
[:34.520]   Type: PyDict               | Total:     205000
[:34.520]   Type: Type                 | Total:     205000
[:34.525]   Type: PyDict               | Total:     210000
[:34.525]   Type: Type                 | Total:     210000
[:34.528]   Type: PyString             | Total:     125000
[:34.530]   Type: PyDict               | Total:     215000
[:34.531]   Type: Type                 | Total:     215000
[:34.536]   Type: PyDict               | Total:     220000
[:34.536]   Type: Type                 | Total:     220000
[:34.538]   Type: PyString             | Total:     130000
[:34.542]   Type: PyDict               | Total:     225000
[:34.542]   Type: Type                 | Total:     225000
[:34.548]   Type: PyDict               | Total:     230000
[:34.548]   Type: Type                 | Total:     230000
[:34.548]   Type: PyString             | Total:     135000
[:34.553]   Type: PyDict               | Total:     235000
[:34.554]   Type: Type                 | Total:     235000
[:34.558]   Type: PyString             | Total:     140000
[:34.559]   Type: PyDict               | Total:     240000
[:34.559]   Type: Type                 | Total:     240000
[:34.565]   Type: PyDict               | Total:     245000
[:34.565]   Type: Type                 | Total:     245000
[:34.568]   Type: PyString             | Total:     145000
[:34.570]   Type: PyDict               | Total:     250000
[:34.571]   Type: Type                 | Total:     250000
[:34.576]   Type: PyDict               | Total:     255000
[:34.576]   Type: Type                 | Total:     255000
[:34.578]   Type: PyString             | Total:     150000
[:34.582]   Type: PyDict               | Total:     260000
[:34.583]   Type: Type                 | Total:     260000
[:34.588]   Type: PyDict               | Total:     265000
[:34.589]   Type: Type                 | Total:     265000
[:34.589]   Type: PyString             | Total:     155000
[:34.594]   Type: PyDict               | Total:     270000
[:34.594]   Type: Type                 | Total:     270000
[:34.598]   Type: PyString             | Total:     160000
[:34.599]   Type: PyDict               | Total:     275000
[:34.599]   Type: Type                 | Total:     275000
[:34.605]   Type: PyDict               | Total:     280000
[:34.605]   Type: Type                 | Total:     280000
[:34.608]   Type: PyString             | Total:     165000
[:34.610]   Type: PyDict               | Total:     285000
[:34.610]   Type: Type                 | Total:     285000
[:34.615]   Type: PyDict               | Total:     290000
[:34.616]   Type: Type                 | Total:     290000
[:34.618]   Type: PyString             | Total:     170000
[:34.621]   Type: PyDict               | Total:     295000
[:34.621]   Type: Type                 | Total:     295000
[:34.628]  [DEBUG_ALLOC_TRACE] Type: PyDict               | Total:     300000
Stack trace (most recent call first):
#0  0x00005597a2457ac8 in _pylang_debug_log_alloc(char const*, std::atomic<unsigned long>&) at /home/lux/code/language/python-cpp/src/runtime/export/../../runtime/compat.hpp:41:16
#1  (inlined)          in py::PyDict::create()::$_0::operator()() const at /home/lux/code/language/python-cpp/src/runtime/export/../../runtime/PyDict.cpp:79:17
#2  0x00005597a2318f06 in py::PyDict::create() at /home/lux/code/language/python-cpp/src/runtime/export/../../runtime/PyDict.cpp:79:17
#3  0x00005597a223474b in rt_build_dict(int, py::PyObject**, py::PyObject**) at /home/lux/code/language/python-cpp/src/runtime/export/rt_create.cpp:74:37
#4  0x00005597a222dd13 in test.<module>.0:0.Node.3:0.__init__.4:4 at /tmp/test
#5  0x00005597a23343c1 in py::PyNativeFunction::call_fast_ptrs(py::PyObject**, unsigned long, py::PyDict*) at /home/lux/code/language/python-cpp/src/runtime/export/../../runtime/PyFunction.cpp:324:15
#6  0x00005597a2388270 in py::PyObject::init_fast_ptrs(py::PyObject**, unsigned long, py::PyDict*) at /home/lux/code/language/python-cpp/src/runtime/export/../../runtime/PyObject.cpp:1427:32
#7  0x00005597a238677a in py::PyType::call_fast_ptrs(py::PyObject**, unsigned long, py::PyDict*) at /home/lux/code/language/python-cpp/src/runtime/export/../../runtime/PyObject.cpp:1342:26
#8  0x00005597a2236b26 in rt_call_raw_ptrs(py::PyObject*, py::PyObject**, int, py::PyObject*) at /home/lux/code/language/python-cpp/src/runtime/export/rt_func.cpp:224:42
#9  0x00005597a222f1ab in test.<module>.0:0.generate_trie.70:0 at /tmp/test
#10 0x00005597a23343c1 in py::PyNativeFunction::call_fast_ptrs(py::PyObject**, unsigned long, py::PyDict*) at /home/lux/code/language/python-cpp/src/runtime/export/../../runtime/PyFunction.cpp:324:15
#11 0x00005597a2236b26 in rt_call_raw_ptrs(py::PyObject*, py::PyObject**, int, py::PyObject*) at /home/lux/code/language/python-cpp/src/runtime/export/rt_func.cpp:224:42
#12 0x00005597a222f5c6 in test.<module>.0:0.find.84:0 at /tmp/test
#13 0x00005597a23343c1 in py::PyNativeFunction::call_fast_ptrs(py::PyObject**, unsigned long, py::PyDict*) at /home/lux/code/language/python-cpp/src/runtime/export/../../runtime/PyFunction.cpp:324:15
#14 0x00005597a2236b26 in rt_call_raw_ptrs(py::PyObject*, py::PyObject**, int, py::PyObject*) at /home/lux/code/language/python-cpp/src/runtime/export/rt_func.cpp:224:42
#15 0x00005597a2230643 in test.<module>.0:0.run_stress_test.141:0 at /tmp/test
#16 0x00005597a23343c1 in py::PyNativeFunction::call_fast_ptrs(py::PyObject**, unsigned long, py::PyDict*) at /home/lux/code/language/python-cpp/src/runtime/export/../../runtime/PyFunction.cpp:324:15
#17 0x00005597a2236b26 in rt_call_raw_ptrs(py::PyObject*, py::PyObject**, int, py::PyObject*) at /home/lux/code/language/python-cpp/src/runtime/export/rt_func.cpp:224:42
#18 0x00005597a222dc3c in PyInit_test at /tmp/test
#19 0x00005597a2230cda in main at /tmp/test
#20 0x00007ffa7362a1c9 in __libc_start_call_main at ./csu/../sysdeps/nptl/libc_start_call_main.h:58:16
#21 0x00007ffa7362a28a in __libc_start_main_impl at ./csu/../csu/libc-start.c:360:3
#22 0x00005597a222d904 in _start at /tmp/test
[:34.629]  [DEBUG_ALLOC_TRACE] Type: Type                 | Total:     300000
Stack trace (most recent call first):
#0  0x00005597a2457ac8 in _pylang_debug_log_alloc(char const*, std::atomic<unsigned long>&) at /home/lux/code/language/python-cpp/src/runtime/export/../../runtime/compat.hpp:41:16
#1  (inlined)          in py::TypePrototype::create<py::PyObject>(std::basic_string_view<char, std::char_traits<char> >)::{lambda(py::PyType*)#1}::operator()(py::PyType*) const::{lambda()#1}::operator()() const::{lambda()#2}::operator()() const at /home/lux/code/language/python-cpp/src/runtime/export/../../runtime/PyObject.hpp:596:12
#2  0x00005597a25f64b3 in py::TypePrototype::create<py::PyObject>(std::basic_string_view<char, std::char_traits<char> >)::{lambda(py::PyType*)#1}::operator()(py::PyType*) const::{lambda()#1}::operator()() const at /home/lux/code/language/python-cpp/src/runtime/export/../../runtime/PyObject.hpp:596:12
#3  (inlined)          in py::TypePrototype::create<py::PyObject>(std::basic_string_view<char, std::char_traits<char> >)::{lambda(py::PyType*)#1}::operator()(py::PyType*) const at /home/lux/code/language/python-cpp/src/runtime/export/../../runtime/PyObject.hpp:588:15
#4  (inlined)          in py::PyResult<py::PyObject*> std::__invoke_impl<py::PyResult<py::PyObject*>, py::TypePrototype::create<py::PyObject>(std::basic_string_view<char, std::char_traits<char> >)::{lambda(py::PyType*)#1}&, py::PyType*>(std::__invoke_other, py::TypePrototype::create<py::PyObject>(std::basic_string_view<char, std::char_traits<char> >)::{lambda(py::PyType*)#1}&, py::PyType*&&) at /usr/lib/gcc/x86_64-linux-gnu/13/../../../../include/c++/13/bits/invoke.h:61:14
#5  (inlined)          in std::enable_if<is_invocable_r_v<py::PyResult<py::PyObject*>, py::TypePrototype::create<py::PyObject>(std::basic_string_view<char, std::char_traits<char> >)::{lambda(py::PyType*)#1}&, py::PyType*>, py::PyResult<py::PyObject*> >::type std::__invoke_r<py::PyResult<py::PyObject*>, py::TypePrototype::create<py::PyObject>(std::basic_string_view<char, std::char_traits<char> >)::{lambda(py::PyType*)#1}&, py::PyType*>(py::TypePrototype::create<py::PyObject>(std::basic_string_view<char, std::char_traits<char> >)::{lambda(py::PyType*)#1}&, py::PyType*&&) at /usr/lib/gcc/x86_64-linux-gnu/13/../../../../include/c++/13/bits/invoke.h:114:9
#6  0x00005597a25f6275 in std::_Function_handler<py::PyResult<py::PyObject*> (py::PyType*), py::TypePrototype::create<py::PyObject>(std::basic_string_view<char, std::char_traits<char> >)::{lambda(py::PyType*)#1}>::_M_invoke(std::_Any_data const&, py::PyType*&&) at /usr/lib/gcc/x86_64-linux-gnu/13/../../../../include/c++/13/bits/std_function.h:290:9
#7  (inlined)          in std::function<py::PyResult<py::PyObject*> (py::PyType*)>::operator()(py::PyType*) const at /usr/lib/gcc/x86_64-linux-gnu/13/../../../../include/c++/13/bits/std_function.h:591:9
#8  0x00005597a243d0c3 in py::PyType::heap_object_allocation(py::PyType*) at /home/lux/code/language/python-cpp/src/runtime/export/../../runtime/PyType.cpp:490:55
#9  (inlined)          in std::function<py::PyResult<py::PyObject*> (py::PyType*)>::operator()(py::PyType*) const at /usr/lib/gcc/x86_64-linux-gnu/13/../../../../include/c++/13/bits/std_function.h:591:9
#10 0x00005597a2386462 in py::PyType::call_fast_ptrs(py::PyObject**, unsigned long, py::PyDict*) at /home/lux/code/language/python-cpp/src/runtime/export/../../runtime/PyObject.cpp:1329:19
#11 0x00005597a2236b26 in rt_call_raw_ptrs(py::PyObject*, py::PyObject**, int, py::PyObject*) at /home/lux/code/language/python-cpp/src/runtime/export/rt_func.cpp:224:42
#12 0x00005597a222f1ab in test.<module>.0:0.generate_trie.70:0 at /tmp/test
#13 0x00005597a23343c1 in py::PyNativeFunction::call_fast_ptrs(py::PyObject**, unsigned long, py::PyDict*) at /home/lux/code/language/python-cpp/src/runtime/export/../../runtime/PyFunction.cpp:324:15
#14 0x00005597a2236b26 in rt_call_raw_ptrs(py::PyObject*, py::PyObject**, int, py::PyObject*) at /home/lux/code/language/python-cpp/src/runtime/export/rt_func.cpp:224:42
#15 0x00005597a222f5c6 in test.<module>.0:0.find.84:0 at /tmp/test
#16 0x00005597a23343c1 in py::PyNativeFunction::call_fast_ptrs(py::PyObject**, unsigned long, py::PyDict*) at /home/lux/code/language/python-cpp/src/runtime/export/../../runtime/PyFunction.cpp:324:15
#17 0x00005597a2236b26 in rt_call_raw_ptrs(py::PyObject*, py::PyObject**, int, py::PyObject*) at /home/lux/code/language/python-cpp/src/runtime/export/rt_func.cpp:224:42
#18 0x00005597a2230643 in test.<module>.0:0.run_stress_test.141:0 at /tmp/test
#19 0x00005597a23343c1 in py::PyNativeFunction::call_fast_ptrs(py::PyObject**, unsigned long, py::PyDict*) at /home/lux/code/language/python-cpp/src/runtime/export/../../runtime/PyFunction.cpp:324:15
#20 0x00005597a2236b26 in rt_call_raw_ptrs(py::PyObject*, py::PyObject**, int, py::PyObject*) at /home/lux/code/language/python-cpp/src/runtime/export/rt_func.cpp:224:42
#21 0x00005597a222dc3c in PyInit_test at /tmp/test
#22 0x00005597a2230cda in main at /tmp/test
#23 0x00007ffa7362a1c9 in __libc_start_call_main at ./csu/../sysdeps/nptl/libc_start_call_main.h:58:16
#24 0x00007ffa7362a28a in __libc_start_main_impl at ./csu/../csu/libc-start.c:360:3
#25 0x00005597a222d904 in _start at /tmp/test
[:34.630]   Type: PyString             | Total:     175000
[:34.635]   Type: PyDict               | Total:     305000
[:34.635]   Type: Type                 | Total:     305000
[:34.640]   Type: PyString             | Total:     180000
[:34.640]   Type: PyDict               | Total:     310000
[:34.640]   Type: Type                 | Total:     310000
[:34.645]   Type: PyDict               | Total:     315000
[:34.646]   Type: Type                 | Total:     315000
[:34.649]   Type: PyString             | Total:     185000
[:34.651]   Type: PyDict               | Total:     320000
[:34.651]   Type: Type                 | Total:     320000
[:34.656]   Type: PyDict               | Total:     325000
[:34.657]   Type: Type                 | Total:     325000
[:34.659]   Type: PyString             | Total:     190000
[:34.662]   Type: PyDict               | Total:     330000
[:34.662]   Type: Type                 | Total:     330000
[:34.667]   Type: PyDict               | Total:     335000
[:34.667]   Type: Type                 | Total:     335000
[:34.668]   Type: PyString             | Total:     195000
[:34.673]   Type: PyDict               | Total:     340000
[:34.673]   Type: Type                 | Total:     340000
[:34.678]   Type: PyDict               | Total:     345000
[:34.679]  [DEBUG_ALLOC_TRACE] Type: PyString             | Total:     200000
Stack trace (most recent call first):
#0  0x00005597a2457ac8 in _pylang_debug_log_alloc(char const*, std::atomic<unsigned long>&) at /home/lux/code/language/python-cpp/src/runtime/export/../../runtime/compat.hpp:41:16
#1  (inlined)          in py::PyString::create_raw(std::__cxx11::basic_string<char, std::char_traits<char>, std::allocator<char> >&&)::$_0::operator()() const at /home/lux/code/language/python-cpp/src/runtime/export/../../runtime/PyString.cpp:326:17
#2  0x00005597a23c6eeb in py::PyString::create_raw(std::__cxx11::basic_string<char, std::char_traits<char>, std::allocator<char> >&&) at /home/lux/code/language/python-cpp/src/runtime/export/../../runtime/PyString.cpp:326:17
#3  0x00005597a23854dc in py::PyType::call_fast_ptrs(py::PyObject**, unsigned long, py::PyDict*) at /home/lux/code/language/python-cpp/src/runtime/export/../../runtime/PyObject.cpp:1283:11
#4  0x00005597a2236b26 in rt_call_raw_ptrs(py::PyObject*, py::PyObject**, int, py::PyObject*) at /home/lux/code/language/python-cpp/src/runtime/export/rt_func.cpp:224:42
#5  0x00005597a222f070 in test.<module>.0:0.generate_trie.70:0 at /tmp/test
#6  0x00005597a23343c1 in py::PyNativeFunction::call_fast_ptrs(py::PyObject**, unsigned long, py::PyDict*) at /home/lux/code/language/python-cpp/src/runtime/export/../../runtime/PyFunction.cpp:324:15
#7  0x00005597a2236b26 in rt_call_raw_ptrs(py::PyObject*, py::PyObject**, int, py::PyObject*) at /home/lux/code/language/python-cpp/src/runtime/export/rt_func.cpp:224:42
#8  0x00005597a222f5c6 in test.<module>.0:0.find.84:0 at /tmp/test
#9  0x00005597a23343c1 in py::PyNativeFunction::call_fast_ptrs(py::PyObject**, unsigned long, py::PyDict*) at /home/lux/code/language/python-cpp/src/runtime/export/../../runtime/PyFunction.cpp:324:15
#10 0x00005597a2236b26 in rt_call_raw_ptrs(py::PyObject*, py::PyObject**, int, py::PyObject*) at /home/lux/code/language/python-cpp/src/runtime/export/rt_func.cpp:224:42
#11 0x00005597a2230643 in test.<module>.0:0.run_stress_test.141:0 at /tmp/test
#12 0x00005597a23343c1 in py::PyNativeFunction::call_fast_ptrs(py::PyObject**, unsigned long, py::PyDict*) at /home/lux/code/language/python-cpp/src/runtime/export/../../runtime/PyFunction.cpp:324:15
#13 0x00005597a2236b26 in rt_call_raw_ptrs(py::PyObject*, py::PyObject**, int, py::PyObject*) at /home/lux/code/language/python-cpp/src/runtime/export/rt_func.cpp:224:42
#14 0x00005597a222dc3c in PyInit_test at /tmp/test
#15 0x00005597a2230cda in main at /tmp/test
#16 0x00007ffa7362a1c9 in __libc_start_call_main at ./csu/../sysdeps/nptl/libc_start_call_main.h:58:16
#17 0x00007ffa7362a28a in __libc_start_main_impl at ./csu/../csu/libc-start.c:360:3
#18 0x00005597a222d904 in _start at /tmp/test
[:34.679]   Type: Type                 | Total:     345000
[:34.685]   Type: PyDict               | Total:     350000
[:34.685]   Type: Type                 | Total:     350000
[:34.689]   Type: PyString             | Total:     205000
[:34.690]   Type: PyDict               | Total:     355000
[:34.690]   Type: Type                 | Total:     355000
[:34.695]   Type: PyDict               | Total:     360000
[:34.696]   Type: Type                 | Total:     360000
[:34.698]   Type: PyString             | Total:     210000
[:34.701]   Type: PyDict               | Total:     365000
[:34.701]   Type: Type                 | Total:     365000
[:34.706]   Type: PyDict               | Total:     370000
[:34.706]   Type: Type                 | Total:     370000
[:34.708]   Type: PyString             | Total:     215000
[:34.712]   Type: PyDict               | Total:     375000
[:34.712]   Type: Type                 | Total:     375000
[:34.717]   Type: PyDict               | Total:     380000
[:34.717]   Type: Type                 | Total:     380000
[:34.718]   Type: PyString             | Total:     220000
[:34.722]   Type: PyDict               | Total:     385000
[:34.723]   Type: Type                 | Total:     385000
[:34.727]   Type: PyString             | Total:     225000
[:34.728]   Type: PyDict               | Total:     390000
[:34.728]   Type: Type                 | Total:     390000
[:34.733]   Type: PyDict               | Total:     395000
[:34.733]   Type: Type                 | Total:     395000
[:34.737]   Type: PyString             | Total:     230000
[:34.740]  [DEBUG_ALLOC_TRACE] Type: PyDict               | Total:     400000
Stack trace (most recent call first):
#0  0x00005597a2457ac8 in _pylang_debug_log_alloc(char const*, std::atomic<unsigned long>&) at /home/lux/code/language/python-cpp/src/runtime/export/../../runtime/compat.hpp:41:16
#1  (inlined)          in py::PyDict::create()::$_0::operator()() const at /home/lux/code/language/python-cpp/src/runtime/export/../../runtime/PyDict.cpp:79:17
#2  0x00005597a2318f06 in py::PyDict::create() at /home/lux/code/language/python-cpp/src/runtime/export/../../runtime/PyDict.cpp:79:17
#3  0x00005597a223474b in rt_build_dict(int, py::PyObject**, py::PyObject**) at /home/lux/code/language/python-cpp/src/runtime/export/rt_create.cpp:74:37
#4  0x00005597a222dd13 in test.<module>.0:0.Node.3:0.__init__.4:4 at /tmp/test
#5  0x00005597a23343c1 in py::PyNativeFunction::call_fast_ptrs(py::PyObject**, unsigned long, py::PyDict*) at /home/lux/code/language/python-cpp/src/runtime/export/../../runtime/PyFunction.cpp:324:15
#6  0x00005597a2388270 in py::PyObject::init_fast_ptrs(py::PyObject**, unsigned long, py::PyDict*) at /home/lux/code/language/python-cpp/src/runtime/export/../../runtime/PyObject.cpp:1427:32
#7  0x00005597a238677a in py::PyType::call_fast_ptrs(py::PyObject**, unsigned long, py::PyDict*) at /home/lux/code/language/python-cpp/src/runtime/export/../../runtime/PyObject.cpp:1342:26
#8  0x00005597a2236b26 in rt_call_raw_ptrs(py::PyObject*, py::PyObject**, int, py::PyObject*) at /home/lux/code/language/python-cpp/src/runtime/export/rt_func.cpp:224:42
#9  0x00005597a222f1ab in test.<module>.0:0.generate_trie.70:0 at /tmp/test
#10 0x00005597a23343c1 in py::PyNativeFunction::call_fast_ptrs(py::PyObject**, unsigned long, py::PyDict*) at /home/lux/code/language/python-cpp/src/runtime/export/../../runtime/PyFunction.cpp:324:15
#11 0x00005597a2236b26 in rt_call_raw_ptrs(py::PyObject*, py::PyObject**, int, py::PyObject*) at /home/lux/code/language/python-cpp/src/runtime/export/rt_func.cpp:224:42
#12 0x00005597a222f5c6 in test.<module>.0:0.find.84:0 at /tmp/test
#13 0x00005597a23343c1 in py::PyNativeFunction::call_fast_ptrs(py::PyObject**, unsigned long, py::PyDict*) at /home/lux/code/language/python-cpp/src/runtime/export/../../runtime/PyFunction.cpp:324:15
#14 0x00005597a2236b26 in rt_call_raw_ptrs(py::PyObject*, py::PyObject**, int, py::PyObject*) at /home/lux/code/language/python-cpp/src/runtime/export/rt_func.cpp:224:42
#15 0x00005597a2230643 in test.<module>.0:0.run_stress_test.141:0 at /tmp/test
#16 0x00005597a23343c1 in py::PyNativeFunction::call_fast_ptrs(py::PyObject**, unsigned long, py::PyDict*) at /home/lux/code/language/python-cpp/src/runtime/export/../../runtime/PyFunction.cpp:324:15
#17 0x00005597a2236b26 in rt_call_raw_ptrs(py::PyObject*, py::PyObject**, int, py::PyObject*) at /home/lux/code/language/python-cpp/src/runtime/export/rt_func.cpp:224:42
#18 0x00005597a222dc3c in PyInit_test at /tmp/test
#19 0x00005597a2230cda in main at /tmp/test
#20 0x00007ffa7362a1c9 in __libc_start_call_main at ./csu/../sysdeps/nptl/libc_start_call_main.h:58:16
#21 0x00007ffa7362a28a in __libc_start_main_impl at ./csu/../csu/libc-start.c:360:3
#22 0x00005597a222d904 in _start at /tmp/test
[:34.742]  [DEBUG_ALLOC_TRACE] Type: Type                 | Total:     400000
Stack trace (most recent call first):
#0  0x00005597a2457ac8 in _pylang_debug_log_alloc(char const*, std::atomic<unsigned long>&) at /home/lux/code/language/python-cpp/src/runtime/export/../../runtime/compat.hpp:41:16
#1  (inlined)          in py::TypePrototype::create<py::PyObject>(std::basic_string_view<char, std::char_traits<char> >)::{lambda(py::PyType*)#1}::operator()(py::PyType*) const::{lambda()#1}::operator()() const::{lambda()#2}::operator()() const at /home/lux/code/language/python-cpp/src/runtime/export/../../runtime/PyObject.hpp:596:12
#2  0x00005597a25f64b3 in py::TypePrototype::create<py::PyObject>(std::basic_string_view<char, std::char_traits<char> >)::{lambda(py::PyType*)#1}::operator()(py::PyType*) const::{lambda()#1}::operator()() const at /home/lux/code/language/python-cpp/src/runtime/export/../../runtime/PyObject.hpp:596:12
#3  (inlined)          in py::TypePrototype::create<py::PyObject>(std::basic_string_view<char, std::char_traits<char> >)::{lambda(py::PyType*)#1}::operator()(py::PyType*) const at /home/lux/code/language/python-cpp/src/runtime/export/../../runtime/PyObject.hpp:588:15
#4  (inlined)          in py::PyResult<py::PyObject*> std::__invoke_impl<py::PyResult<py::PyObject*>, py::TypePrototype::create<py::PyObject>(std::basic_string_view<char, std::char_traits<char> >)::{lambda(py::PyType*)#1}&, py::PyType*>(std::__invoke_other, py::TypePrototype::create<py::PyObject>(std::basic_string_view<char, std::char_traits<char> >)::{lambda(py::PyType*)#1}&, py::PyType*&&) at /usr/lib/gcc/x86_64-linux-gnu/13/../../../../include/c++/13/bits/invoke.h:61:14
#5  (inlined)          in std::enable_if<is_invocable_r_v<py::PyResult<py::PyObject*>, py::TypePrototype::create<py::PyObject>(std::basic_string_view<char, std::char_traits<char> >)::{lambda(py::PyType*)#1}&, py::PyType*>, py::PyResult<py::PyObject*> >::type std::__invoke_r<py::PyResult<py::PyObject*>, py::TypePrototype::create<py::PyObject>(std::basic_string_view<char, std::char_traits<char> >)::{lambda(py::PyType*)#1}&, py::PyType*>(py::TypePrototype::create<py::PyObject>(std::basic_string_view<char, std::char_traits<char> >)::{lambda(py::PyType*)#1}&, py::PyType*&&) at /usr/lib/gcc/x86_64-linux-gnu/13/../../../../include/c++/13/bits/invoke.h:114:9
#6  0x00005597a25f6275 in std::_Function_handler<py::PyResult<py::PyObject*> (py::PyType*), py::TypePrototype::create<py::PyObject>(std::basic_string_view<char, std::char_traits<char> >)::{lambda(py::PyType*)#1}>::_M_invoke(std::_Any_data const&, py::PyType*&&) at /usr/lib/gcc/x86_64-linux-gnu/13/../../../../include/c++/13/bits/std_function.h:290:9
#7  (inlined)          in std::function<py::PyResult<py::PyObject*> (py::PyType*)>::operator()(py::PyType*) const at /usr/lib/gcc/x86_64-linux-gnu/13/../../../../include/c++/13/bits/std_function.h:591:9
#8  0x00005597a243d0c3 in py::PyType::heap_object_allocation(py::PyType*) at /home/lux/code/language/python-cpp/src/runtime/export/../../runtime/PyType.cpp:490:55
#9  (inlined)          in std::function<py::PyResult<py::PyObject*> (py::PyType*)>::operator()(py::PyType*) const at /usr/lib/gcc/x86_64-linux-gnu/13/../../../../include/c++/13/bits/std_function.h:591:9
#10 0x00005597a2386462 in py::PyType::call_fast_ptrs(py::PyObject**, unsigned long, py::PyDict*) at /home/lux/code/language/python-cpp/src/runtime/export/../../runtime/PyObject.cpp:1329:19
#11 0x00005597a2236b26 in rt_call_raw_ptrs(py::PyObject*, py::PyObject**, int, py::PyObject*) at /home/lux/code/language/python-cpp/src/runtime/export/rt_func.cpp:224:42
#12 0x00005597a222f1ab in test.<module>.0:0.generate_trie.70:0 at /tmp/test
#13 0x00005597a23343c1 in py::PyNativeFunction::call_fast_ptrs(py::PyObject**, unsigned long, py::PyDict*) at /home/lux/code/language/python-cpp/src/runtime/export/../../runtime/PyFunction.cpp:324:15
#14 0x00005597a2236b26 in rt_call_raw_ptrs(py::PyObject*, py::PyObject**, int, py::PyObject*) at /home/lux/code/language/python-cpp/src/runtime/export/rt_func.cpp:224:42
#15 0x00005597a222f5c6 in test.<module>.0:0.find.84:0 at /tmp/test
#16 0x00005597a23343c1 in py::PyNativeFunction::call_fast_ptrs(py::PyObject**, unsigned long, py::PyDict*) at /home/lux/code/language/python-cpp/src/runtime/export/../../runtime/PyFunction.cpp:324:15
#17 0x00005597a2236b26 in rt_call_raw_ptrs(py::PyObject*, py::PyObject**, int, py::PyObject*) at /home/lux/code/language/python-cpp/src/runtime/export/rt_func.cpp:224:42
#18 0x00005597a2230643 in test.<module>.0:0.run_stress_test.141:0 at /tmp/test
#19 0x00005597a23343c1 in py::PyNativeFunction::call_fast_ptrs(py::PyObject**, unsigned long, py::PyDict*) at /home/lux/code/language/python-cpp/src/runtime/export/../../runtime/PyFunction.cpp:324:15
#20 0x00005597a2236b26 in rt_call_raw_ptrs(py::PyObject*, py::PyObject**, int, py::PyObject*) at /home/lux/code/language/python-cpp/src/runtime/export/rt_func.cpp:224:42
#21 0x00005597a222dc3c in PyInit_test at /tmp/test
#22 0x00005597a2230cda in main at /tmp/test
#23 0x00007ffa7362a1c9 in __libc_start_call_main at ./csu/../sysdeps/nptl/libc_start_call_main.h:58:16
#24 0x00007ffa7362a28a in __libc_start_main_impl at ./csu/../csu/libc-start.c:360:3
#25 0x00005597a222d904 in _start at /tmp/test
[:34.747]   Type: PyDict               | Total:     405000
[:34.748]   Type: Type                 | Total:     405000
[:34.750]   Type: PyString             | Total:     235000
[:34.753]   Type: PyDict               | Total:     410000
[:34.753]   Type: Type                 | Total:     410000
[:34.758]   Type: PyDict               | Total:     415000
[:34.759]   Type: Type                 | Total:     415000
[:34.759]   Type: PyString             | Total:     240000
[:34.764]   Type: PyDict               | Total:     420000
[:34.764]   Type: Type                 | Total:     420000
[:34.769]   Type: PyString             | Total:     245000
[:34.769]   Type: PyDict               | Total:     425000
[:34.769]   Type: Type                 | Total:     425000
[:34.775]   Type: PyDict               | Total:     430000
[:34.775]   Type: Type                 | Total:     430000
[:34.779]   Type: PyString             | Total:     250000
[:34.780]   Type: PyDict               | Total:     435000
[:34.780]   Type: Type                 | Total:     435000
[:34.785]   Type: PyDict               | Total:     440000
[:34.786]   Type: Type                 | Total:     440000
[:34.788]   Type: PyString             | Total:     255000
[:34.791]   Type: PyDict               | Total:     445000
[:34.791]   Type: Type                 | Total:     445000
[:34.796]   Type: PyDict               | Total:     450000
[:34.796]   Type: Type                 | Total:     450000
[:34.798]   Type: PyString             | Total:     260000
[:34.801]   Type: PyDict               | Total:     455000
[:34.802]   Type: Type                 | Total:     455000
[:34.807]   Type: PyDict               | Total:     460000
[:34.807]   Type: Type                 | Total:     460000
[:34.807]   Type: PyString             | Total:     265000
[:34.812]   Type: PyDict               | Total:     465000
[:34.812]   Type: Type                 | Total:     465000
[:34.816]   Type: PyString             | Total:     270000
[:34.817]   Type: PyDict               | Total:     470000
[:34.817]   Type: Type                 | Total:     470000
[:34.822]   Type: PyDict               | Total:     475000
[:34.822]   Type: Type                 | Total:     475000
[:34.826]   Type: PyString             | Total:     275000
[:34.828]   Type: PyDict               | Total:     480000
[:34.828]   Type: Type                 | Total:     480000
[:34.833]   Type: PyDict               | Total:     485000
[:34.833]   Type: Type                 | Total:     485000
[:34.835]   Type: PyString             | Total:     280000
[:34.838]   Type: PyDict               | Total:     490000
[:34.838]   Type: Type                 | Total:     490000
[:34.844]   Type: PyDict               | Total:     495000
[:34.844]   Type: Type                 | Total:     495000
[:34.844]   Type: PyString             | Total:     285000
[:34.850]  [DEBUG_ALLOC_TRACE] Type: PyDict               | Total:     500000
Stack trace (most recent call first):
#0  0x00005597a2457ac8 in _pylang_debug_log_alloc(char const*, std::atomic<unsigned long>&) at /home/lux/code/language/python-cpp/src/runtime/export/../../runtime/compat.hpp:41:16
#1  (inlined)          in py::PyDict::create()::$_0::operator()() const at /home/lux/code/language/python-cpp/src/runtime/export/../../runtime/PyDict.cpp:79:17
#2  0x00005597a2318f06 in py::PyDict::create() at /home/lux/code/language/python-cpp/src/runtime/export/../../runtime/PyDict.cpp:79:17
#3  0x00005597a223474b in rt_build_dict(int, py::PyObject**, py::PyObject**) at /home/lux/code/language/python-cpp/src/runtime/export/rt_create.cpp:74:37
#4  0x00005597a222dd13 in test.<module>.0:0.Node.3:0.__init__.4:4 at /tmp/test
#5  0x00005597a23343c1 in py::PyNativeFunction::call_fast_ptrs(py::PyObject**, unsigned long, py::PyDict*) at /home/lux/code/language/python-cpp/src/runtime/export/../../runtime/PyFunction.cpp:324:15
#6  0x00005597a2388270 in py::PyObject::init_fast_ptrs(py::PyObject**, unsigned long, py::PyDict*) at /home/lux/code/language/python-cpp/src/runtime/export/../../runtime/PyObject.cpp:1427:32
#7  0x00005597a238677a in py::PyType::call_fast_ptrs(py::PyObject**, unsigned long, py::PyDict*) at /home/lux/code/language/python-cpp/src/runtime/export/../../runtime/PyObject.cpp:1342:26
#8  0x00005597a2236b26 in rt_call_raw_ptrs(py::PyObject*, py::PyObject**, int, py::PyObject*) at /home/lux/code/language/python-cpp/src/runtime/export/rt_func.cpp:224:42
#9  0x00005597a222f1ab in test.<module>.0:0.generate_trie.70:0 at /tmp/test
#10 0x00005597a23343c1 in py::PyNativeFunction::call_fast_ptrs(py::PyObject**, unsigned long, py::PyDict*) at /home/lux/code/language/python-cpp/src/runtime/export/../../runtime/PyFunction.cpp:324:15
#11 0x00005597a2236b26 in rt_call_raw_ptrs(py::PyObject*, py::PyObject**, int, py::PyObject*) at /home/lux/code/language/python-cpp/src/runtime/export/rt_func.cpp:224:42
#12 0x00005597a222f5c6 in test.<module>.0:0.find.84:0 at /tmp/test
#13 0x00005597a23343c1 in py::PyNativeFunction::call_fast_ptrs(py::PyObject**, unsigned long, py::PyDict*) at /home/lux/code/language/python-cpp/src/runtime/export/../../runtime/PyFunction.cpp:324:15
#14 0x00005597a2236b26 in rt_call_raw_ptrs(py::PyObject*, py::PyObject**, int, py::PyObject*) at /home/lux/code/language/python-cpp/src/runtime/export/rt_func.cpp:224:42
#15 0x00005597a2230643 in test.<module>.0:0.run_stress_test.141:0 at /tmp/test
#16 0x00005597a23343c1 in py::PyNativeFunction::call_fast_ptrs(py::PyObject**, unsigned long, py::PyDict*) at /home/lux/code/language/python-cpp/src/runtime/export/../../runtime/PyFunction.cpp:324:15
#17 0x00005597a2236b26 in rt_call_raw_ptrs(py::PyObject*, py::PyObject**, int, py::PyObject*) at /home/lux/code/language/python-cpp/src/runtime/export/rt_func.cpp:224:42
#18 0x00005597a222dc3c in PyInit_test at /tmp/test
#19 0x00005597a2230cda in main at /tmp/test
#20 0x00007ffa7362a1c9 in __libc_start_call_main at ./csu/../sysdeps/nptl/libc_start_call_main.h:58:16
#21 0x00007ffa7362a28a in __libc_start_main_impl at ./csu/../csu/libc-start.c:360:3
#22 0x00005597a222d904 in _start at /tmp/test
[:34.852]  [DEBUG_ALLOC_TRACE] Type: Type                 | Total:     500000
Stack trace (most recent call first):
#0  0x00005597a2457ac8 in _pylang_debug_log_alloc(char const*, std::atomic<unsigned long>&) at /home/lux/code/language/python-cpp/src/runtime/export/../../runtime/compat.hpp:41:16
#1  (inlined)          in py::TypePrototype::create<py::PyObject>(std::basic_string_view<char, std::char_traits<char> >)::{lambda(py::PyType*)#1}::operator()(py::PyType*) const::{lambda()#1}::operator()() const::{lambda()#2}::operator()() const at /home/lux/code/language/python-cpp/src/runtime/export/../../runtime/PyObject.hpp:596:12
#2  0x00005597a25f64b3 in py::TypePrototype::create<py::PyObject>(std::basic_string_view<char, std::char_traits<char> >)::{lambda(py::PyType*)#1}::operator()(py::PyType*) const::{lambda()#1}::operator()() const at /home/lux/code/language/python-cpp/src/runtime/export/../../runtime/PyObject.hpp:596:12
#3  (inlined)          in py::TypePrototype::create<py::PyObject>(std::basic_string_view<char, std::char_traits<char> >)::{lambda(py::PyType*)#1}::operator()(py::PyType*) const at /home/lux/code/language/python-cpp/src/runtime/export/../../runtime/PyObject.hpp:588:15
#4  (inlined)          in py::PyResult<py::PyObject*> std::__invoke_impl<py::PyResult<py::PyObject*>, py::TypePrototype::create<py::PyObject>(std::basic_string_view<char, std::char_traits<char> >)::{lambda(py::PyType*)#1}&, py::PyType*>(std::__invoke_other, py::TypePrototype::create<py::PyObject>(std::basic_string_view<char, std::char_traits<char> >)::{lambda(py::PyType*)#1}&, py::PyType*&&) at /usr/lib/gcc/x86_64-linux-gnu/13/../../../../include/c++/13/bits/invoke.h:61:14
#5  (inlined)          in std::enable_if<is_invocable_r_v<py::PyResult<py::PyObject*>, py::TypePrototype::create<py::PyObject>(std::basic_string_view<char, std::char_traits<char> >)::{lambda(py::PyType*)#1}&, py::PyType*>, py::PyResult<py::PyObject*> >::type std::__invoke_r<py::PyResult<py::PyObject*>, py::TypePrototype::create<py::PyObject>(std::basic_string_view<char, std::char_traits<char> >)::{lambda(py::PyType*)#1}&, py::PyType*>(py::TypePrototype::create<py::PyObject>(std::basic_string_view<char, std::char_traits<char> >)::{lambda(py::PyType*)#1}&, py::PyType*&&) at /usr/lib/gcc/x86_64-linux-gnu/13/../../../../include/c++/13/bits/invoke.h:114:9
#6  0x00005597a25f6275 in std::_Function_handler<py::PyResult<py::PyObject*> (py::PyType*), py::TypePrototype::create<py::PyObject>(std::basic_string_view<char, std::char_traits<char> >)::{lambda(py::PyType*)#1}>::_M_invoke(std::_Any_data const&, py::PyType*&&) at /usr/lib/gcc/x86_64-linux-gnu/13/../../../../include/c++/13/bits/std_function.h:290:9
#7  (inlined)          in std::function<py::PyResult<py::PyObject*> (py::PyType*)>::operator()(py::PyType*) const at /usr/lib/gcc/x86_64-linux-gnu/13/../../../../include/c++/13/bits/std_function.h:591:9
#8  0x00005597a243d0c3 in py::PyType::heap_object_allocation(py::PyType*) at /home/lux/code/language/python-cpp/src/runtime/export/../../runtime/PyType.cpp:490:55
#9  (inlined)          in std::function<py::PyResult<py::PyObject*> (py::PyType*)>::operator()(py::PyType*) const at /usr/lib/gcc/x86_64-linux-gnu/13/../../../../include/c++/13/bits/std_function.h:591:9
#10 0x00005597a2386462 in py::PyType::call_fast_ptrs(py::PyObject**, unsigned long, py::PyDict*) at /home/lux/code/language/python-cpp/src/runtime/export/../../runtime/PyObject.cpp:1329:19
#11 0x00005597a2236b26 in rt_call_raw_ptrs(py::PyObject*, py::PyObject**, int, py::PyObject*) at /home/lux/code/language/python-cpp/src/runtime/export/rt_func.cpp:224:42
#12 0x00005597a222f1ab in test.<module>.0:0.generate_trie.70:0 at /tmp/test
#13 0x00005597a23343c1 in py::PyNativeFunction::call_fast_ptrs(py::PyObject**, unsigned long, py::PyDict*) at /home/lux/code/language/python-cpp/src/runtime/export/../../runtime/PyFunction.cpp:324:15
#14 0x00005597a2236b26 in rt_call_raw_ptrs(py::PyObject*, py::PyObject**, int, py::PyObject*) at /home/lux/code/language/python-cpp/src/runtime/export/rt_func.cpp:224:42
#15 0x00005597a222f5c6 in test.<module>.0:0.find.84:0 at /tmp/test
#16 0x00005597a23343c1 in py::PyNativeFunction::call_fast_ptrs(py::PyObject**, unsigned long, py::PyDict*) at /home/lux/code/language/python-cpp/src/runtime/export/../../runtime/PyFunction.cpp:324:15
#17 0x00005597a2236b26 in rt_call_raw_ptrs(py::PyObject*, py::PyObject**, int, py::PyObject*) at /home/lux/code/language/python-cpp/src/runtime/export/rt_func.cpp:224:42
#18 0x00005597a2230643 in test.<module>.0:0.run_stress_test.141:0 at /tmp/test
#19 0x00005597a23343c1 in py::PyNativeFunction::call_fast_ptrs(py::PyObject**, unsigned long, py::PyDict*) at /home/lux/code/language/python-cpp/src/runtime/export/../../runtime/PyFunction.cpp:324:15
#20 0x00005597a2236b26 in rt_call_raw_ptrs(py::PyObject*, py::PyObject**, int, py::PyObject*) at /home/lux/code/language/python-cpp/src/runtime/export/rt_func.cpp:224:42
#21 0x00005597a222dc3c in PyInit_test at /tmp/test
#22 0x00005597a2230cda in main at /tmp/test
#23 0x00007ffa7362a1c9 in __libc_start_call_main at ./csu/../sysdeps/nptl/libc_start_call_main.h:58:16
#24 0x00007ffa7362a28a in __libc_start_main_impl at ./csu/../csu/libc-start.c:360:3
#25 0x00005597a222d904 in _start at /tmp/test
[:34.857]   Type: PyString             | Total:     290000
[:34.857]   Type: PyDict               | Total:     505000
[:34.857]   Type: Type                 | Total:     505000
[:34.862]   Type: PyDict               | Total:     510000
[:34.863]   Type: Type                 | Total:     510000
[:34.866]   Type: PyString             | Total:     295000
[:34.868]   Type: PyDict               | Total:     515000
[:34.868]   Type: Type                 | Total:     515000
[:34.873]   Type: PyDict               | Total:     520000
[:34.873]   Type: Type                 | Total:     520000
[:34.877]  [DEBUG_ALLOC_TRACE] Type: PyString             | Total:     300000
Stack trace (most recent call first):
#0  0x00005597a2457ac8 in _pylang_debug_log_alloc(char const*, std::atomic<unsigned long>&) at /home/lux/code/language/python-cpp/src/runtime/export/../../runtime/compat.hpp:41:16
#1  (inlined)          in py::PyString::create_raw(std::__cxx11::basic_string<char, std::char_traits<char>, std::allocator<char> >&&)::$_0::operator()() const at /home/lux/code/language/python-cpp/src/runtime/export/../../runtime/PyString.cpp:326:17
#2  0x00005597a23c6eeb in py::PyString::create_raw(std::__cxx11::basic_string<char, std::char_traits<char>, std::allocator<char> >&&) at /home/lux/code/language/python-cpp/src/runtime/export/../../runtime/PyString.cpp:326:17
#3  0x00005597a23854dc in py::PyType::call_fast_ptrs(py::PyObject**, unsigned long, py::PyDict*) at /home/lux/code/language/python-cpp/src/runtime/export/../../runtime/PyObject.cpp:1283:11
#4  0x00005597a2236b26 in rt_call_raw_ptrs(py::PyObject*, py::PyObject**, int, py::PyObject*) at /home/lux/code/language/python-cpp/src/runtime/export/rt_func.cpp:224:42
#5  0x00005597a222f070 in test.<module>.0:0.generate_trie.70:0 at /tmp/test
#6  0x00005597a23343c1 in py::PyNativeFunction::call_fast_ptrs(py::PyObject**, unsigned long, py::PyDict*) at /home/lux/code/language/python-cpp/src/runtime/export/../../runtime/PyFunction.cpp:324:15
#7  0x00005597a2236b26 in rt_call_raw_ptrs(py::PyObject*, py::PyObject**, int, py::PyObject*) at /home/lux/code/language/python-cpp/src/runtime/export/rt_func.cpp:224:42
#8  0x00005597a222f5c6 in test.<module>.0:0.find.84:0 at /tmp/test
#9  0x00005597a23343c1 in py::PyNativeFunction::call_fast_ptrs(py::PyObject**, unsigned long, py::PyDict*) at /home/lux/code/language/python-cpp/src/runtime/export/../../runtime/PyFunction.cpp:324:15
#10 0x00005597a2236b26 in rt_call_raw_ptrs(py::PyObject*, py::PyObject**, int, py::PyObject*) at /home/lux/code/language/python-cpp/src/runtime/export/rt_func.cpp:224:42
#11 0x00005597a2230643 in test.<module>.0:0.run_stress_test.141:0 at /tmp/test
#12 0x00005597a23343c1 in py::PyNativeFunction::call_fast_ptrs(py::PyObject**, unsigned long, py::PyDict*) at /home/lux/code/language/python-cpp/src/runtime/export/../../runtime/PyFunction.cpp:324:15
#13 0x00005597a2236b26 in rt_call_raw_ptrs(py::PyObject*, py::PyObject**, int, py::PyObject*) at /home/lux/code/language/python-cpp/src/runtime/export/rt_func.cpp:224:42
#14 0x00005597a222dc3c in PyInit_test at /tmp/test
#15 0x00005597a2230cda in main at /tmp/test
#16 0x00007ffa7362a1c9 in __libc_start_call_main at ./csu/../sysdeps/nptl/libc_start_call_main.h:58:16
#17 0x00007ffa7362a28a in __libc_start_main_impl at ./csu/../csu/libc-start.c:360:3
#18 0x00005597a222d904 in _start at /tmp/test
[:34.880]   Type: PyDict               | Total:     525000
[:34.880]   Type: Type                 | Total:     525000
[:34.885]   Type: PyDict               | Total:     530000
[:34.885]   Type: Type                 | Total:     530000
[:34.887]   Type: PyString             | Total:     305000
[:34.890]   Type: PyDict               | Total:     535000
[:34.891]   Type: Type                 | Total:     535000
[:34.896]   Type: PyDict               | Total:     540000
[:34.896]   Type: Type                 | Total:     540000
[:34.896]   Type: PyString             | Total:     310000
[:34.901]   Type: PyDict               | Total:     545000
[:34.901]   Type: Type                 | Total:     545000
[:34.907]   Type: PyString             | Total:     315000
[:34.907]   Type: PyDict               | Total:     550000
[:34.908]   Type: Type                 | Total:     550000
[:34.913]   Type: PyDict               | Total:     555000
[:34.913]   Type: Type                 | Total:     555000
[:34.916]   Type: PyString             | Total:     320000
[:34.918]   Type: PyDict               | Total:     560000
[:34.918]   Type: Type                 | Total:     560000
[:34.923]   Type: PyDict               | Total:     565000
[:34.923]   Type: Type                 | Total:     565000
[:34.926]   Type: PyString             | Total:     325000
[:34.929]   Type: PyDict               | Total:     570000
[:34.929]   Type: Type                 | Total:     570000
[:34.934]   Type: PyDict               | Total:     575000
[:34.934]   Type: Type                 | Total:     575000
[:34.935]   Type: PyString             | Total:     330000
[:34.939]   Type: PyDict               | Total:     580000
[:34.940]   Type: Type                 | Total:     580000
[:34.945]   Type: PyString             | Total:     335000
[:34.945]   Type: PyDict               | Total:     585000
[:34.945]   Type: Type                 | Total:     585000
[:34.950]   Type: PyDict               | Total:     590000
[:34.950]   Type: Type                 | Total:     590000
[:34.955]   Type: PyString             | Total:     340000
[:34.956]   Type: PyDict               | Total:     595000
[:34.957]   Type: Type                 | Total:     595000
[:34.964]  [DEBUG_ALLOC_TRACE] Type: PyDict               | Total:     600000
Stack trace (most recent call first):
#0  0x00005597a2457ac8 in _pylang_debug_log_alloc(char const*, std::atomic<unsigned long>&) at /home/lux/code/language/python-cpp/src/runtime/export/../../runtime/compat.hpp:41:16
#1  (inlined)          in py::PyDict::create()::$_0::operator()() const at /home/lux/code/language/python-cpp/src/runtime/export/../../runtime/PyDict.cpp:79:17
#2  0x00005597a2318f06 in py::PyDict::create() at /home/lux/code/language/python-cpp/src/runtime/export/../../runtime/PyDict.cpp:79:17
#3  0x00005597a223474b in rt_build_dict(int, py::PyObject**, py::PyObject**) at /home/lux/code/language/python-cpp/src/runtime/export/rt_create.cpp:74:37
#4  0x00005597a222dd13 in test.<module>.0:0.Node.3:0.__init__.4:4 at /tmp/test
#5  0x00005597a23343c1 in py::PyNativeFunction::call_fast_ptrs(py::PyObject**, unsigned long, py::PyDict*) at /home/lux/code/language/python-cpp/src/runtime/export/../../runtime/PyFunction.cpp:324:15
#6  0x00005597a2388270 in py::PyObject::init_fast_ptrs(py::PyObject**, unsigned long, py::PyDict*) at /home/lux/code/language/python-cpp/src/runtime/export/../../runtime/PyObject.cpp:1427:32
#7  0x00005597a238677a in py::PyType::call_fast_ptrs(py::PyObject**, unsigned long, py::PyDict*) at /home/lux/code/language/python-cpp/src/runtime/export/../../runtime/PyObject.cpp:1342:26
#8  0x00005597a2236b26 in rt_call_raw_ptrs(py::PyObject*, py::PyObject**, int, py::PyObject*) at /home/lux/code/language/python-cpp/src/runtime/export/rt_func.cpp:224:42
#9  0x00005597a222f1ab in test.<module>.0:0.generate_trie.70:0 at /tmp/test
#10 0x00005597a23343c1 in py::PyNativeFunction::call_fast_ptrs(py::PyObject**, unsigned long, py::PyDict*) at /home/lux/code/language/python-cpp/src/runtime/export/../../runtime/PyFunction.cpp:324:15
#11 0x00005597a2236b26 in rt_call_raw_ptrs(py::PyObject*, py::PyObject**, int, py::PyObject*) at /home/lux/code/language/python-cpp/src/runtime/export/rt_func.cpp:224:42
#12 0x00005597a222f5c6 in test.<module>.0:0.find.84:0 at /tmp/test
#13 0x00005597a23343c1 in py::PyNativeFunction::call_fast_ptrs(py::PyObject**, unsigned long, py::PyDict*) at /home/lux/code/language/python-cpp/src/runtime/export/../../runtime/PyFunction.cpp:324:15
#14 0x00005597a2236b26 in rt_call_raw_ptrs(py::PyObject*, py::PyObject**, int, py::PyObject*) at /home/lux/code/language/python-cpp/src/runtime/export/rt_func.cpp:224:42
#15 0x00005597a2230643 in test.<module>.0:0.run_stress_test.141:0 at /tmp/test
#16 0x00005597a23343c1 in py::PyNativeFunction::call_fast_ptrs(py::PyObject**, unsigned long, py::PyDict*) at /home/lux/code/language/python-cpp/src/runtime/export/../../runtime/PyFunction.cpp:324:15
#17 0x00005597a2236b26 in rt_call_raw_ptrs(py::PyObject*, py::PyObject**, int, py::PyObject*) at /home/lux/code/language/python-cpp/src/runtime/export/rt_func.cpp:224:42
#18 0x00005597a222dc3c in PyInit_test at /tmp/test
#19 0x00005597a2230cda in main at /tmp/test
#20 0x00007ffa7362a1c9 in __libc_start_call_main at ./csu/../sysdeps/nptl/libc_start_call_main.h:58:16
#21 0x00007ffa7362a28a in __libc_start_main_impl at ./csu/../csu/libc-start.c:360:3
#22 0x00005597a222d904 in _start at /tmp/test
[:34.966]  [DEBUG_ALLOC_TRACE] Type: Type                 | Total:     600000
Stack trace (most recent call first):
#0  0x00005597a2457ac8 in _pylang_debug_log_alloc(char const*, std::atomic<unsigned long>&) at /home/lux/code/language/python-cpp/src/runtime/export/../../runtime/compat.hpp:41:16
#1  (inlined)          in py::TypePrototype::create<py::PyObject>(std::basic_string_view<char, std::char_traits<char> >)::{lambda(py::PyType*)#1}::operator()(py::PyType*) const::{lambda()#1}::operator()() const::{lambda()#2}::operator()() const at /home/lux/code/language/python-cpp/src/runtime/export/../../runtime/PyObject.hpp:596:12
#2  0x00005597a25f64b3 in py::TypePrototype::create<py::PyObject>(std::basic_string_view<char, std::char_traits<char> >)::{lambda(py::PyType*)#1}::operator()(py::PyType*) const::{lambda()#1}::operator()() const at /home/lux/code/language/python-cpp/src/runtime/export/../../runtime/PyObject.hpp:596:12
#3  (inlined)          in py::TypePrototype::create<py::PyObject>(std::basic_string_view<char, std::char_traits<char> >)::{lambda(py::PyType*)#1}::operator()(py::PyType*) const at /home/lux/code/language/python-cpp/src/runtime/export/../../runtime/PyObject.hpp:588:15
#4  (inlined)          in py::PyResult<py::PyObject*> std::__invoke_impl<py::PyResult<py::PyObject*>, py::TypePrototype::create<py::PyObject>(std::basic_string_view<char, std::char_traits<char> >)::{lambda(py::PyType*)#1}&, py::PyType*>(std::__invoke_other, py::TypePrototype::create<py::PyObject>(std::basic_string_view<char, std::char_traits<char> >)::{lambda(py::PyType*)#1}&, py::PyType*&&) at /usr/lib/gcc/x86_64-linux-gnu/13/../../../../include/c++/13/bits/invoke.h:61:14
#5  (inlined)          in std::enable_if<is_invocable_r_v<py::PyResult<py::PyObject*>, py::TypePrototype::create<py::PyObject>(std::basic_string_view<char, std::char_traits<char> >)::{lambda(py::PyType*)#1}&, py::PyType*>, py::PyResult<py::PyObject*> >::type std::__invoke_r<py::PyResult<py::PyObject*>, py::TypePrototype::create<py::PyObject>(std::basic_string_view<char, std::char_traits<char> >)::{lambda(py::PyType*)#1}&, py::PyType*>(py::TypePrototype::create<py::PyObject>(std::basic_string_view<char, std::char_traits<char> >)::{lambda(py::PyType*)#1}&, py::PyType*&&) at /usr/lib/gcc/x86_64-linux-gnu/13/../../../../include/c++/13/bits/invoke.h:114:9
#6  0x00005597a25f6275 in std::_Function_handler<py::PyResult<py::PyObject*> (py::PyType*), py::TypePrototype::create<py::PyObject>(std::basic_string_view<char, std::char_traits<char> >)::{lambda(py::PyType*)#1}>::_M_invoke(std::_Any_data const&, py::PyType*&&) at /usr/lib/gcc/x86_64-linux-gnu/13/../../../../include/c++/13/bits/std_function.h:290:9
#7  (inlined)          in std::function<py::PyResult<py::PyObject*> (py::PyType*)>::operator()(py::PyType*) const at /usr/lib/gcc/x86_64-linux-gnu/13/../../../../include/c++/13/bits/std_function.h:591:9
#8  0x00005597a243d0c3 in py::PyType::heap_object_allocation(py::PyType*) at /home/lux/code/language/python-cpp/src/runtime/export/../../runtime/PyType.cpp:490:55
#9  (inlined)          in std::function<py::PyResult<py::PyObject*> (py::PyType*)>::operator()(py::PyType*) const at /usr/lib/gcc/x86_64-linux-gnu/13/../../../../include/c++/13/bits/std_function.h:591:9
#10 0x00005597a2386462 in py::PyType::call_fast_ptrs(py::PyObject**, unsigned long, py::PyDict*) at /home/lux/code/language/python-cpp/src/runtime/export/../../runtime/PyObject.cpp:1329:19
#11 0x00005597a2236b26 in rt_call_raw_ptrs(py::PyObject*, py::PyObject**, int, py::PyObject*) at /home/lux/code/language/python-cpp/src/runtime/export/rt_func.cpp:224:42
#12 0x00005597a222f1ab in test.<module>.0:0.generate_trie.70:0 at /tmp/test
#13 0x00005597a23343c1 in py::PyNativeFunction::call_fast_ptrs(py::PyObject**, unsigned long, py::PyDict*) at /home/lux/code/language/python-cpp/src/runtime/export/../../runtime/PyFunction.cpp:324:15
#14 0x00005597a2236b26 in rt_call_raw_ptrs(py::PyObject*, py::PyObject**, int, py::PyObject*) at /home/lux/code/language/python-cpp/src/runtime/export/rt_func.cpp:224:42
#15 0x00005597a222f5c6 in test.<module>.0:0.find.84:0 at /tmp/test
#16 0x00005597a23343c1 in py::PyNativeFunction::call_fast_ptrs(py::PyObject**, unsigned long, py::PyDict*) at /home/lux/code/language/python-cpp/src/runtime/export/../../runtime/PyFunction.cpp:324:15
#17 0x00005597a2236b26 in rt_call_raw_ptrs(py::PyObject*, py::PyObject**, int, py::PyObject*) at /home/lux/code/language/python-cpp/src/runtime/export/rt_func.cpp:224:42
#18 0x00005597a2230643 in test.<module>.0:0.run_stress_test.141:0 at /tmp/test
#19 0x00005597a23343c1 in py::PyNativeFunction::call_fast_ptrs(py::PyObject**, unsigned long, py::PyDict*) at /home/lux/code/language/python-cpp/src/runtime/export/../../runtime/PyFunction.cpp:324:15
#20 0x00005597a2236b26 in rt_call_raw_ptrs(py::PyObject*, py::PyObject**, int, py::PyObject*) at /home/lux/code/language/python-cpp/src/runtime/export/rt_func.cpp:224:42
#21 0x00005597a222dc3c in PyInit_test at /tmp/test
#22 0x00005597a2230cda in main at /tmp/test
#23 0x00007ffa7362a1c9 in __libc_start_call_main at ./csu/../sysdeps/nptl/libc_start_call_main.h:58:16
#24 0x00007ffa7362a28a in __libc_start_main_impl at ./csu/../csu/libc-start.c:360:3
#25 0x00005597a222d904 in _start at /tmp/test
[:34.969]   Type: PyString             | Total:     345000
[:34.972]   Type: PyDict               | Total:     605000
[:34.972]   Type: Type                 | Total:     605000
[:34.977]   Type: PyDict               | Total:     610000
[:34.977]   Type: Type                 | Total:     610000
[:34.980]   Type: PyString             | Total:     350000
[:34.984]   Type: PyDict               | Total:     615000
[:34.984]   Type: Type                 | Total:     615000
[:34.990]   Type: PyDict               | Total:     620000
[:34.990]   Type: Type                 | Total:     620000
[:34.991]   Type: PyString             | Total:     355000
[:34.996]   Type: PyDict               | Total:     625000
[:34.996]   Type: Type                 | Total:     625000
[:35.001]   Type: PyString             | Total:     360000
[:35.002]   Type: PyDict               | Total:     630000
[:35.002]   Type: Type                 | Total:     630000
[:35.007]   Type: PyDict               | Total:     635000
[:35.007]   Type: Type                 | Total:     635000
[:35.011]   Type: PyString             | Total:     365000
[:35.013]   Type: PyDict               | Total:     640000
[:35.013]   Type: Type                 | Total:     640000
[:35.018]   Type: PyDict               | Total:     645000
[:35.018]   Type: Type                 | Total:     645000
[:35.021]   Type: PyString             | Total:     370000
[:35.023]   Type: PyDict               | Total:     650000
[:35.024]   Type: Type                 | Total:     650000
[:35.029]   Type: PyDict               | Total:     655000
[:35.029]   Type: Type                 | Total:     655000
[:35.031]   Type: PyString             | Total:     375000
[:35.035]   Type: PyDict               | Total:     660000
[:35.035]   Type: Type                 | Total:     660000
[:35.040]   Type: PyDict               | Total:     665000
[:35.040]   Type: Type                 | Total:     665000
[:35.041]   Type: PyString             | Total:     380000
[:35.046]   Type: PyDict               | Total:     670000
[:35.046]   Type: Type                 | Total:     670000
[:35.052]   Type: PyString             | Total:     385000
[:35.053]   Type: PyDict               | Total:     675000
[:35.053]   Type: Type                 | Total:     675000
[:35.059]   Type: PyDict               | Total:     680000
[:35.059]   Type: Type                 | Total:     680000
[:35.062]   Type: PyString             | Total:     390000
[:35.065]   Type: PyDict               | Total:     685000
[:35.065]   Type: Type                 | Total:     685000
[:35.071]   Type: PyDict               | Total:     690000
[:35.071]   Type: Type                 | Total:     690000
[:35.073]   Type: PyString             | Total:     395000
Trie generation complete.
Navigating to prefix node...
Link check for char: 3
Prefix node found. Terminal state of prefix node: True
Starting queue traversal. Initial queue size: 1
[:35.076]   Type: PyTuple              | Total:      40000
[:35.079]   Type: PyTuple              | Total:      45000
[:35.087]   Type: PyString             | Total:      20000
[:35.088]   Type: PyTuple              | Total:      50000
[:35.101]   Type: PyTuple              | Total:      55000
[:35.102]   Type: PyString             | Total:      25000
[:35.110]   Type: PyDictItemsIterator  | Total:      20000
[:35.112]   Type: PyTuple              | Total:      60000
[:35.115]   Type: PyString             | Total:      30000
[:35.125]   Type: PyTuple              | Total:      65000
[:35.132]   Type: PyString             | Total:      35000
[:35.139]   Type: PyTuple              | Total:      70000
[:35.151]   Type: PyString             | Total:      40000
[:35.157]   Type: PyTuple              | Total:      75000
[:35.175]   Type: PyString             | Total:      45000
[:35.177]   Type: PyTuple              | Total:      80000
[:35.198]   Type: PyTuple              | Total:      85000
[:35.200]   Type: PyString             | Total:      50000
[:35.212]   Type: PyDictItemsIterator  | Total:      25000
[:35.221]   Type: PyTuple              | Total:      90000
[:35.229]   Type: PyString             | Total:      55000
[:35.247]   Type: PyTuple              | Total:      95000
[:35.261]   Type: PyString             | Total:      60000
[:35.282]  [DEBUG_ALLOC_TRACE] Type: PyTuple              | Total:     100000
Stack trace (most recent call first):
#0  0x00005597a2457ac8 in _pylang_debug_log_alloc(char const*, std::atomic<unsigned long>&) at /home/lux/code/language/python-cpp/src/runtime/export/../../runtime/compat.hpp:41:16
#1  (inlined)          in py::PyTuple::create(std::vector<py::RtValue, py::GCTracingAllocator<py::RtValue> >&&)::$_0::operator()() const at /home/lux/code/language/python-cpp/src/runtime/export/../../runtime/PyTuple.cpp:120:14
#2  0x00005597a23f6bc2 in py::PyTuple::create(std::vector<py::RtValue, py::GCTracingAllocator<py::RtValue> >&&) at /home/lux/code/language/python-cpp/src/runtime/export/../../runtime/PyTuple.cpp:120:14
#3  0x00005597a24619cd in py::PyResult<py::PyTuple*> py::PyTuple::create<py::PyObject*, py::PyObject*>(py::PyObject*&&, py::PyObject*&&) requires !(((2)==(1))&&((is_container_arg<std::remove_cvref<py::PyObject*, py::PyObject*>::type>::value||...))) at /home/lux/code/language/python-cpp/src/runtime/export/../../runtime/PyTuple.hpp:121:10
#4  0x00005597a2239d21 in rt_list_insert_0_tuple2(py::PyObject*, py::PyObject*, py::PyObject*) at /home/lux/code/language/python-cpp/src/runtime/export/rt_fused.cpp:257:15
#5  0x00005597a222fc28 in test.<module>.0:0.find.84:0 at /tmp/test
#6  0x00005597a23343c1 in py::PyNativeFunction::call_fast_ptrs(py::PyObject**, unsigned long, py::PyDict*) at /home/lux/code/language/python-cpp/src/runtime/export/../../runtime/PyFunction.cpp:324:15
#7  0x00005597a2236b26 in rt_call_raw_ptrs(py::PyObject*, py::PyObject**, int, py::PyObject*) at /home/lux/code/language/python-cpp/src/runtime/export/rt_func.cpp:224:42
#8  0x00005597a2230643 in test.<module>.0:0.run_stress_test.141:0 at /tmp/test
#9  0x00005597a23343c1 in py::PyNativeFunction::call_fast_ptrs(py::PyObject**, unsigned long, py::PyDict*) at /home/lux/code/language/python-cpp/src/runtime/export/../../runtime/PyFunction.cpp:324:15
#10 0x00005597a2236b26 in rt_call_raw_ptrs(py::PyObject*, py::PyObject**, int, py::PyObject*) at /home/lux/code/language/python-cpp/src/runtime/export/rt_func.cpp:224:42
#11 0x00005597a222dc3c in PyInit_test at /tmp/test
#12 0x00005597a2230cda in main at /tmp/test
#13 0x00007ffa7362a1c9 in __libc_start_call_main at ./csu/../sysdeps/nptl/libc_start_call_main.h:58:16
#14 0x00007ffa7362a28a in __libc_start_main_impl at ./csu/../csu/libc-start.c:360:3
#15 0x00005597a222d904 in _start at /tmp/test
[:35.303]   Type: PyString             | Total:      65000
[:35.311]   Type: PyTuple              | Total:     105000
[:35.334]   Type: PyDictItemsIterator  | Total:      30000
[:35.337]   Type: PyString             | Total:      70000
[:35.338]   Type: PyTuple              | Total:     110000
[:35.364]   Type: PyTuple              | Total:     115000
[:35.369]   Type: PyString             | Total:      75000
[:35.373]   Type: PyDictItemsIterator  | Total:      35000
[:35.390]   Type: PyTuple              | Total:     120000
[:35.401]   Type: PyString             | Total:      80000
[:35.411]   Type: PyDictItemsIterator  | Total:      40000
[:35.417]   Type: PyTuple              | Total:     125000
[:35.440]   Type: PyString             | Total:      85000
[:35.449]   Type: PyTuple              | Total:     130000
[:35.456]   Type: PyDictItemsIterator  | Total:      45000
[:35.475]   Type: PyString             | Total:      90000
[:35.478]   Type: PyTuple              | Total:     135000
[:35.499]   Type: PyDictItemsIterator  | Total:      50000
[:35.507]   Type: PyTuple              | Total:     140000
[:35.511]   Type: PyString             | Total:      95000
[:35.535]   Type: PyTuple              | Total:     145000
[:35.540]   Type: PyInteger            | Total:      15000
[:35.541]   Type: PyDictItemsIterator  | Total:      55000
[:35.549]  [DEBUG_ALLOC_TRACE] Type: PyString             | Total:     100000
Stack trace (most recent call first):
#0  0x00005597a2457ac8 in _pylang_debug_log_alloc(char const*, std::atomic<unsigned long>&) at /home/lux/code/language/python-cpp/src/runtime/export/../../runtime/compat.hpp:41:16
#1  (inlined)          in py::PyString::intern(std::__cxx11::basic_string<char, std::char_traits<char>, std::allocator<char> >&&)::$_0::operator()() const at /home/lux/code/language/python-cpp/src/runtime/export/../../runtime/PyString.cpp:186:14
#2  0x00005597a23c6557 in py::PyString::intern(std::__cxx11::basic_string<char, std::char_traits<char>, std::allocator<char> >&&) at /home/lux/code/language/python-cpp/src/runtime/export/../../runtime/PyString.cpp:186:14
#3  (inlined)          in py::PyString::create(std::__cxx11::basic_string<char, std::char_traits<char>, std::allocator<char> >&&) at /home/lux/code/language/python-cpp/src/runtime/export/../../runtime/PyString.cpp:317:21
#4  0x00005597a23caeda in py::PyString::__add__(py::PyObject const*) const at /home/lux/code/language/python-cpp/src/runtime/export/../../runtime/PyString.cpp:619:10
#5  (inlined)          in std::function<py::PyResult<py::PyObject*> (py::PyObject const*, py::PyObject const*)>::operator()(py::PyObject const*, py::PyObject const*) const at /usr/lib/gcc/x86_64-linux-gnu/13/../../../../include/c++/13/bits/std_function.h:591:9
#6  (inlined)          in py::PyResult<py::PyObject*> py::(anonymous namespace)::call_slot<std::function<py::PyResult<py::PyObject*> (py::PyObject const*, py::PyObject const*)>, py::PyResult<py::PyObject*>, py::PyObject*&, py::PyObject*&>(std::variant<std::function<py::PyResult<py::PyObject*> (py::PyObject const*, py::PyObject const*)>, py::PyObject*> const&, py::PyObject*&, py::PyObject*&) requires std::is_same_v<py::PyResult<py::PyObject*>::OkType, py::PyObject*> at /home/lux/code/language/python-cpp/src/runtime/export/../../runtime/PyObject.cpp:147:11
#7  0x00005597a23905d2 in py::PySequenceWrapper::concat(py::PyObject*) at /home/lux/code/language/python-cpp/src/runtime/export/../../runtime/PyObject.cpp:351:10
#8  0x00005597a2399cbc in py::PyObject::add(py::PyObject const*) const at /home/lux/code/language/python-cpp/src/runtime/export/../../runtime/PyObject.cpp:804:23
#9  0x00005597a223f01f in rt_binary_add(py::PyObject*, py::PyObject*) at /home/lux/code/language/python-cpp/src/runtime/export/rt_op.cpp:36:28
#10 0x00005597a222fc03 in test.<module>.0:0.find.84:0 at /tmp/test
#11 0x00005597a23343c1 in py::PyNativeFunction::call_fast_ptrs(py::PyObject**, unsigned long, py::PyDict*) at /home/lux/code/language/python-cpp/src/runtime/export/../../runtime/PyFunction.cpp:324:15
#12 0x00005597a2236b26 in rt_call_raw_ptrs(py::PyObject*, py::PyObject**, int, py::PyObject*) at /home/lux/code/language/python-cpp/src/runtime/export/rt_func.cpp:224:42
#13 0x00005597a2230643 in test.<module>.0:0.run_stress_test.141:0 at /tmp/test
#14 0x00005597a23343c1 in py::PyNativeFunction::call_fast_ptrs(py::PyObject**, unsigned long, py::PyDict*) at /home/lux/code/language/python-cpp/src/runtime/export/../../runtime/PyFunction.cpp:324:15
#15 0x00005597a2236b26 in rt_call_raw_ptrs(py::PyObject*, py::PyObject**, int, py::PyObject*) at /home/lux/code/language/python-cpp/src/runtime/export/rt_func.cpp:224:42
#16 0x00005597a222dc3c in PyInit_test at /tmp/test
#17 0x00005597a2230cda in main at /tmp/test
#18 0x00007ffa7362a1c9 in __libc_start_call_main at ./csu/../sysdeps/nptl/libc_start_call_main.h:58:16
#19 0x00007ffa7362a28a in __libc_start_main_impl at ./csu/../csu/libc-start.c:360:3
#20 0x00005597a222d904 in _start at /tmp/test
[:35.567]   Type: PyTuple              | Total:     150000
[:35.587]   Type: PyString             | Total:     105000
[:35.589]   Type: PyDictItemsIterator  | Total:      60000
[:35.598]   Type: PyTuple              | Total:     155000
[:35.624]   Type: PyString             | Total:     110000
[:35.629]   Type: PyTuple              | Total:     160000
[:35.633]   Type: PyDictItemsIterator  | Total:      65000
[:35.659]   Type: PyTuple              | Total:     165000
[:35.662]   Type: PyString             | Total:     115000
[:35.678]   Type: PyDictItemsIterator  | Total:      70000
[:35.692]   Type: PyTuple              | Total:     170000
[:35.702]   Type: PyString             | Total:     120000
[:35.723]   Type: PyTuple              | Total:     175000
[:35.725]   Type: PyDictItemsIterator  | Total:      75000
[:35.742]   Type: PyString             | Total:     125000
[:35.756]   Type: PyTuple              | Total:     180000
[:35.773]   Type: PyDictItemsIterator  | Total:      80000
[:35.781]   Type: PyString             | Total:     130000
[:35.789]   Type: PyTuple              | Total:     185000
[:35.811]   Type: PyTuple              | Total:     190000
[:35.812]   Type: PyDictItemsIterator  | Total:      85000
[:35.812]   Type: PyInteger            | Total:      20000
[:35.814]   Type: PyTuple              | Total:     195000
[:35.818]  [DEBUG_ALLOC_TRACE] Type: PyTuple              | Total:     200000
Stack trace (most recent call first):
#0  0x00005597a2457ac8 in _pylang_debug_log_alloc(char const*, std::atomic<unsigned long>&) at /home/lux/code/language/python-cpp/src/runtime/export/../../runtime/compat.hpp:41:16
#1  (inlined)          in py::PyTuple::create(std::vector<py::RtValue, py::GCTracingAllocator<py::RtValue> >&&)::$_0::operator()() const at /home/lux/code/language/python-cpp/src/runtime/export/../../runtime/PyTuple.cpp:120:14
#2  0x00005597a23f6bc2 in py::PyTuple::create(std::vector<py::RtValue, py::GCTracingAllocator<py::RtValue> >&&) at /home/lux/code/language/python-cpp/src/runtime/export/../../runtime/PyTuple.cpp:120:14
#3  0x00005597a2386cb5 in py::PyType::call_fast_ptrs(py::PyObject**, unsigned long, py::PyDict*) at /home/lux/code/language/python-cpp/src/runtime/export/../../runtime/PyObject.cpp:1369:20
#4  0x00005597a2236b26 in rt_call_raw_ptrs(py::PyObject*, py::PyObject**, int, py::PyObject*) at /home/lux/code/language/python-cpp/src/runtime/export/rt_func.cpp:224:42
#5  0x00005597a222fb54 in test.<module>.0:0.find.84:0 at /tmp/test
#6  0x00005597a23343c1 in py::PyNativeFunction::call_fast_ptrs(py::PyObject**, unsigned long, py::PyDict*) at /home/lux/code/language/python-cpp/src/runtime/export/../../runtime/PyFunction.cpp:324:15
#7  0x00005597a2236b26 in rt_call_raw_ptrs(py::PyObject*, py::PyObject**, int, py::PyObject*) at /home/lux/code/language/python-cpp/src/runtime/export/rt_func.cpp:224:42
#8  0x00005597a2230643 in test.<module>.0:0.run_stress_test.141:0 at /tmp/test
#9  0x00005597a23343c1 in py::PyNativeFunction::call_fast_ptrs(py::PyObject**, unsigned long, py::PyDict*) at /home/lux/code/language/python-cpp/src/runtime/export/../../runtime/PyFunction.cpp:324:15
#10 0x00005597a2236b26 in rt_call_raw_ptrs(py::PyObject*, py::PyObject**, int, py::PyObject*) at /home/lux/code/language/python-cpp/src/runtime/export/rt_func.cpp:224:42
#11 0x00005597a222dc3c in PyInit_test at /tmp/test
#12 0x00005597a2230cda in main at /tmp/test
#13 0x00007ffa7362a1c9 in __libc_start_call_main at ./csu/../sysdeps/nptl/libc_start_call_main.h:58:16
#14 0x00007ffa7362a28a in __libc_start_main_impl at ./csu/../csu/libc-start.c:360:3
#15 0x00005597a222d904 in _start at /tmp/test
[:35.818]   Type: PyDictItemsIterator  | Total:      90000
[:35.818]   Type: PyInteger            | Total:      25000
[:35.820]   Type: PyTuple              | Total:     205000
[:35.823]   Type: PyTuple              | Total:     210000
[:35.823]   Type: PyDictItemsIterator  | Total:      95000
[:35.823]   Type: PyInteger            | Total:      30000
[:35.826]   Type: PyTuple              | Total:     215000
[:35.828]   Type: PyTuple              | Total:     220000
[:35.830]  [DEBUG_ALLOC_TRACE] Type: PyDictItemsIterator  | Total:     100000
Stack trace (most recent call first):
#0  0x00005597a2457ac8 in _pylang_debug_log_alloc(char const*, std::atomic<unsigned long>&) at /home/lux/code/language/python-cpp/src/runtime/export/../../runtime/compat.hpp:41:16
#1  (inlined)          in py::PyDictItemsIterator::create_direct(py::PyDict const&)::$_0::operator()() const at /home/lux/code/language/python-cpp/src/runtime/export/../../runtime/PyDict.cpp:865:17
#2  0x00005597a2324a0b in py::PyDictItemsIterator::create_direct(py::PyDict const&) at /home/lux/code/language/python-cpp/src/runtime/export/../../runtime/PyDict.cpp:865:17
#3  0x00005597a224593a in rt_dict_items_iter_for_loop(py::PyObject*) at /home/lux/code/language/python-cpp/src/runtime/export/rt_subscr.cpp:382:20
#4  0x00005597a222fbaa in test.<module>.0:0.find.84:0 at /tmp/test
#5  0x00005597a23343c1 in py::PyNativeFunction::call_fast_ptrs(py::PyObject**, unsigned long, py::PyDict*) at /home/lux/code/language/python-cpp/src/runtime/export/../../runtime/PyFunction.cpp:324:15
#6  0x00005597a2236b26 in rt_call_raw_ptrs(py::PyObject*, py::PyObject**, int, py::PyObject*) at /home/lux/code/language/python-cpp/src/runtime/export/rt_func.cpp:224:42
#7  0x00005597a2230643 in test.<module>.0:0.run_stress_test.141:0 at /tmp/test
#8  0x00005597a23343c1 in py::PyNativeFunction::call_fast_ptrs(py::PyObject**, unsigned long, py::PyDict*) at /home/lux/code/language/python-cpp/src/runtime/export/../../runtime/PyFunction.cpp:324:15
#9  0x00005597a2236b26 in rt_call_raw_ptrs(py::PyObject*, py::PyObject**, int, py::PyObject*) at /home/lux/code/language/python-cpp/src/runtime/export/rt_func.cpp:224:42
#10 0x00005597a222dc3c in PyInit_test at /tmp/test
#11 0x00005597a2230cda in main at /tmp/test
#12 0x00007ffa7362a1c9 in __libc_start_call_main at ./csu/../sysdeps/nptl/libc_start_call_main.h:58:16
#13 0x00007ffa7362a28a in __libc_start_main_impl at ./csu/../csu/libc-start.c:360:3
#14 0x00005597a222d904 in _start at /tmp/test
[:35.830]   Type: PyInteger            | Total:      35000
[:35.833]   Type: PyTuple              | Total:     225000
[:35.835]   Type: PyTuple              | Total:     230000
[:35.836]   Type: PyDictItemsIterator  | Total:     105000
[:35.836]   Type: PyInteger            | Total:      40000
[:35.838]   Type: PyTuple              | Total:     235000
[:35.841]   Type: PyTuple              | Total:     240000
[:35.841]   Type: PyDictItemsIterator  | Total:     110000
[:35.841]   Type: PyInteger            | Total:      45000
[:35.843]   Type: PyTuple              | Total:     245000
[:35.846]   Type: PyTuple              | Total:     250000
[:35.846]   Type: PyDictItemsIterator  | Total:     115000
[:35.846]   Type: PyInteger            | Total:      50000
[:35.849]   Type: PyTuple              | Total:     255000
[:35.851]   Type: PyTuple              | Total:     260000
[:35.852]   Type: PyDictItemsIterator  | Total:     120000
[:35.852]   Type: PyInteger            | Total:      55000
[:35.854]   Type: PyTuple              | Total:     265000
[:35.857]   Type: PyTuple              | Total:     270000
[:35.857]   Type: PyDictItemsIterator  | Total:     125000
[:35.857]   Type: PyInteger            | Total:      60000
[:35.859]   Type: PyTuple              | Total:     275000
[:35.862]   Type: PyTuple              | Total:     280000
[:35.862]   Type: PyDictItemsIterator  | Total:     130000
[:35.862]   Type: PyInteger            | Total:      65000
[:35.865]   Type: PyTuple              | Total:     285000
[:35.867]   Type: PyTuple              | Total:     290000
[:35.867]   Type: PyDictItemsIterator  | Total:     135000
[:35.867]   Type: PyInteger            | Total:      70000
[:35.870]   Type: PyTuple              | Total:     295000
[:35.874]  [DEBUG_ALLOC_TRACE] Type: PyTuple              | Total:     300000
Stack trace (most recent call first):
#0  0x00005597a2457ac8 in _pylang_debug_log_alloc(char const*, std::atomic<unsigned long>&) at /home/lux/code/language/python-cpp/src/runtime/export/../../runtime/compat.hpp:41:16
#1  (inlined)          in py::PyTuple::create(std::vector<py::RtValue, py::GCTracingAllocator<py::RtValue> >&&)::$_0::operator()() const at /home/lux/code/language/python-cpp/src/runtime/export/../../runtime/PyTuple.cpp:120:14
#2  0x00005597a23f6bc2 in py::PyTuple::create(std::vector<py::RtValue, py::GCTracingAllocator<py::RtValue> >&&) at /home/lux/code/language/python-cpp/src/runtime/export/../../runtime/PyTuple.cpp:120:14
#3  0x00005597a2386cb5 in py::PyType::call_fast_ptrs(py::PyObject**, unsigned long, py::PyDict*) at /home/lux/code/language/python-cpp/src/runtime/export/../../runtime/PyObject.cpp:1369:20
#4  0x00005597a2236b26 in rt_call_raw_ptrs(py::PyObject*, py::PyObject**, int, py::PyObject*) at /home/lux/code/language/python-cpp/src/runtime/export/rt_func.cpp:224:42
#5  0x00005597a222fb54 in test.<module>.0:0.find.84:0 at /tmp/test
#6  0x00005597a23343c1 in py::PyNativeFunction::call_fast_ptrs(py::PyObject**, unsigned long, py::PyDict*) at /home/lux/code/language/python-cpp/src/runtime/export/../../runtime/PyFunction.cpp:324:15
#7  0x00005597a2236b26 in rt_call_raw_ptrs(py::PyObject*, py::PyObject**, int, py::PyObject*) at /home/lux/code/language/python-cpp/src/runtime/export/rt_func.cpp:224:42
#8  0x00005597a2230643 in test.<module>.0:0.run_stress_test.141:0 at /tmp/test
#9  0x00005597a23343c1 in py::PyNativeFunction::call_fast_ptrs(py::PyObject**, unsigned long, py::PyDict*) at /home/lux/code/language/python-cpp/src/runtime/export/../../runtime/PyFunction.cpp:324:15
#10 0x00005597a2236b26 in rt_call_raw_ptrs(py::PyObject*, py::PyObject**, int, py::PyObject*) at /home/lux/code/language/python-cpp/src/runtime/export/rt_func.cpp:224:42
#11 0x00005597a222dc3c in PyInit_test at /tmp/test
#12 0x00005597a2230cda in main at /tmp/test
#13 0x00007ffa7362a1c9 in __libc_start_call_main at ./csu/../sysdeps/nptl/libc_start_call_main.h:58:16
#14 0x00007ffa7362a28a in __libc_start_main_impl at ./csu/../csu/libc-start.c:360:3
#15 0x00005597a222d904 in _start at /tmp/test
[:35.874]   Type: PyDictItemsIterator  | Total:     140000
[:35.874]   Type: PyInteger            | Total:      75000
[:35.876]   Type: PyTuple              | Total:     305000
[:35.879]   Type: PyTuple              | Total:     310000
[:35.879]   Type: PyDictItemsIterator  | Total:     145000
[:35.879]   Type: PyInteger            | Total:      80000
[:35.881]   Type: PyTuple              | Total:     315000
[:35.884]   Type: PyTuple              | Total:     320000
[:35.884]   Type: PyDictItemsIterator  | Total:     150000
[:35.884]   Type: PyInteger            | Total:      85000
Find completed. Results count: 75290
>> Range Test Output | Bound: 5000000 | Prefix: 3 | Match Count: 75290

--- Phase 2: Prefix Stress Testing (Max Bound) ---
Testing with prefix: 3 at max bound: 5000000
Sieve initialized with limit: 5000000
Starting sieve calculation...
Processing loop_x, x = 500
Processing loop_x, x = 1000
Processing loop_x, x = 1500
Processing loop_x, x = 2000
Sieve loops finished, omitting squares...
Searching for prefix: 3
Total primes found: 348513
Generating trie for primes, list size: 348513
[:37.039]   Type: PyDict               | Total:     695000
[:37.040]   Type: Type                 | Total:     695000
[:37.045]  [DEBUG_ALLOC_TRACE] Type: PyDict               | Total:     700000
Stack trace (most recent call first):
#0  0x00005597a2457ac8 in _pylang_debug_log_alloc(char const*, std::atomic<unsigned long>&) at /home/lux/code/language/python-cpp/src/runtime/export/../../runtime/compat.hpp:41:16
#1  (inlined)          in py::PyDict::create()::$_0::operator()() const at /home/lux/code/language/python-cpp/src/runtime/export/../../runtime/PyDict.cpp:79:17
#2  0x00005597a2318f06 in py::PyDict::create() at /home/lux/code/language/python-cpp/src/runtime/export/../../runtime/PyDict.cpp:79:17
#3  0x00005597a223474b in rt_build_dict(int, py::PyObject**, py::PyObject**) at /home/lux/code/language/python-cpp/src/runtime/export/rt_create.cpp:74:37
#4  0x00005597a222dd13 in test.<module>.0:0.Node.3:0.__init__.4:4 at /tmp/test
#5  0x00005597a23343c1 in py::PyNativeFunction::call_fast_ptrs(py::PyObject**, unsigned long, py::PyDict*) at /home/lux/code/language/python-cpp/src/runtime/export/../../runtime/PyFunction.cpp:324:15
#6  0x00005597a2388270 in py::PyObject::init_fast_ptrs(py::PyObject**, unsigned long, py::PyDict*) at /home/lux/code/language/python-cpp/src/runtime/export/../../runtime/PyObject.cpp:1427:32
#7  0x00005597a238677a in py::PyType::call_fast_ptrs(py::PyObject**, unsigned long, py::PyDict*) at /home/lux/code/language/python-cpp/src/runtime/export/../../runtime/PyObject.cpp:1342:26
#8  0x00005597a2236b26 in rt_call_raw_ptrs(py::PyObject*, py::PyObject**, int, py::PyObject*) at /home/lux/code/language/python-cpp/src/runtime/export/rt_func.cpp:224:42
#9  0x00005597a222f1ab in test.<module>.0:0.generate_trie.70:0 at /tmp/test
#10 0x00005597a23343c1 in py::PyNativeFunction::call_fast_ptrs(py::PyObject**, unsigned long, py::PyDict*) at /home/lux/code/language/python-cpp/src/runtime/export/../../runtime/PyFunction.cpp:324:15
#11 0x00005597a2236b26 in rt_call_raw_ptrs(py::PyObject*, py::PyObject**, int, py::PyObject*) at /home/lux/code/language/python-cpp/src/runtime/export/rt_func.cpp:224:42
#12 0x00005597a222f5c6 in test.<module>.0:0.find.84:0 at /tmp/test
#13 0x00005597a23343c1 in py::PyNativeFunction::call_fast_ptrs(py::PyObject**, unsigned long, py::PyDict*) at /home/lux/code/language/python-cpp/src/runtime/export/../../runtime/PyFunction.cpp:324:15
#14 0x00005597a2236b26 in rt_call_raw_ptrs(py::PyObject*, py::PyObject**, int, py::PyObject*) at /home/lux/code/language/python-cpp/src/runtime/export/rt_func.cpp:224:42
#15 0x00005597a22309e5 in test.<module>.0:0.run_stress_test.141:0 at /tmp/test
#16 0x00005597a23343c1 in py::PyNativeFunction::call_fast_ptrs(py::PyObject**, unsigned long, py::PyDict*) at /home/lux/code/language/python-cpp/src/runtime/export/../../runtime/PyFunction.cpp:324:15
#17 0x00005597a2236b26 in rt_call_raw_ptrs(py::PyObject*, py::PyObject**, int, py::PyObject*) at /home/lux/code/language/python-cpp/src/runtime/export/rt_func.cpp:224:42
#18 0x00005597a222dc3c in PyInit_test at /tmp/test
#19 0x00005597a2230cda in main at /tmp/test
#20 0x00007ffa7362a1c9 in __libc_start_call_main at ./csu/../sysdeps/nptl/libc_start_call_main.h:58:16
#21 0x00007ffa7362a28a in __libc_start_main_impl at ./csu/../csu/libc-start.c:360:3
#22 0x00005597a222d904 in _start at /tmp/test
[:37.047]  [DEBUG_ALLOC_TRACE] Type: Type                 | Total:     700000
Stack trace (most recent call first):
#0  0x00005597a2457ac8 in _pylang_debug_log_alloc(char const*, std::atomic<unsigned long>&) at /home/lux/code/language/python-cpp/src/runtime/export/../../runtime/compat.hpp:41:16
#1  (inlined)          in py::TypePrototype::create<py::PyObject>(std::basic_string_view<char, std::char_traits<char> >)::{lambda(py::PyType*)#1}::operator()(py::PyType*) const::{lambda()#1}::operator()() const::{lambda()#2}::operator()() const at /home/lux/code/language/python-cpp/src/runtime/export/../../runtime/PyObject.hpp:596:12
#2  0x00005597a25f64b3 in py::TypePrototype::create<py::PyObject>(std::basic_string_view<char, std::char_traits<char> >)::{lambda(py::PyType*)#1}::operator()(py::PyType*) const::{lambda()#1}::operator()() const at /home/lux/code/language/python-cpp/src/runtime/export/../../runtime/PyObject.hpp:596:12
#3  (inlined)          in py::TypePrototype::create<py::PyObject>(std::basic_string_view<char, std::char_traits<char> >)::{lambda(py::PyType*)#1}::operator()(py::PyType*) const at /home/lux/code/language/python-cpp/src/runtime/export/../../runtime/PyObject.hpp:588:15
#4  (inlined)          in py::PyResult<py::PyObject*> std::__invoke_impl<py::PyResult<py::PyObject*>, py::TypePrototype::create<py::PyObject>(std::basic_string_view<char, std::char_traits<char> >)::{lambda(py::PyType*)#1}&, py::PyType*>(std::__invoke_other, py::TypePrototype::create<py::PyObject>(std::basic_string_view<char, std::char_traits<char> >)::{lambda(py::PyType*)#1}&, py::PyType*&&) at /usr/lib/gcc/x86_64-linux-gnu/13/../../../../include/c++/13/bits/invoke.h:61:14
#5  (inlined)          in std::enable_if<is_invocable_r_v<py::PyResult<py::PyObject*>, py::TypePrototype::create<py::PyObject>(std::basic_string_view<char, std::char_traits<char> >)::{lambda(py::PyType*)#1}&, py::PyType*>, py::PyResult<py::PyObject*> >::type std::__invoke_r<py::PyResult<py::PyObject*>, py::TypePrototype::create<py::PyObject>(std::basic_string_view<char, std::char_traits<char> >)::{lambda(py::PyType*)#1}&, py::PyType*>(py::TypePrototype::create<py::PyObject>(std::basic_string_view<char, std::char_traits<char> >)::{lambda(py::PyType*)#1}&, py::PyType*&&) at /usr/lib/gcc/x86_64-linux-gnu/13/../../../../include/c++/13/bits/invoke.h:114:9
#6  0x00005597a25f6275 in std::_Function_handler<py::PyResult<py::PyObject*> (py::PyType*), py::TypePrototype::create<py::PyObject>(std::basic_string_view<char, std::char_traits<char> >)::{lambda(py::PyType*)#1}>::_M_invoke(std::_Any_data const&, py::PyType*&&) at /usr/lib/gcc/x86_64-linux-gnu/13/../../../../include/c++/13/bits/std_function.h:290:9
#7  (inlined)          in std::function<py::PyResult<py::PyObject*> (py::PyType*)>::operator()(py::PyType*) const at /usr/lib/gcc/x86_64-linux-gnu/13/../../../../include/c++/13/bits/std_function.h:591:9
#8  0x00005597a243d0c3 in py::PyType::heap_object_allocation(py::PyType*) at /home/lux/code/language/python-cpp/src/runtime/export/../../runtime/PyType.cpp:490:55
#9  (inlined)          in std::function<py::PyResult<py::PyObject*> (py::PyType*)>::operator()(py::PyType*) const at /usr/lib/gcc/x86_64-linux-gnu/13/../../../../include/c++/13/bits/std_function.h:591:9
#10 0x00005597a2386462 in py::PyType::call_fast_ptrs(py::PyObject**, unsigned long, py::PyDict*) at /home/lux/code/language/python-cpp/src/runtime/export/../../runtime/PyObject.cpp:1329:19
#11 0x00005597a2236b26 in rt_call_raw_ptrs(py::PyObject*, py::PyObject**, int, py::PyObject*) at /home/lux/code/language/python-cpp/src/runtime/export/rt_func.cpp:224:42
#12 0x00005597a222f1ab in test.<module>.0:0.generate_trie.70:0 at /tmp/test
#13 0x00005597a23343c1 in py::PyNativeFunction::call_fast_ptrs(py::PyObject**, unsigned long, py::PyDict*) at /home/lux/code/language/python-cpp/src/runtime/export/../../runtime/PyFunction.cpp:324:15
#14 0x00005597a2236b26 in rt_call_raw_ptrs(py::PyObject*, py::PyObject**, int, py::PyObject*) at /home/lux/code/language/python-cpp/src/runtime/export/rt_func.cpp:224:42
#15 0x00005597a222f5c6 in test.<module>.0:0.find.84:0 at /tmp/test
#16 0x00005597a23343c1 in py::PyNativeFunction::call_fast_ptrs(py::PyObject**, unsigned long, py::PyDict*) at /home/lux/code/language/python-cpp/src/runtime/export/../../runtime/PyFunction.cpp:324:15
#17 0x00005597a2236b26 in rt_call_raw_ptrs(py::PyObject*, py::PyObject**, int, py::PyObject*) at /home/lux/code/language/python-cpp/src/runtime/export/rt_func.cpp:224:42
#18 0x00005597a22309e5 in test.<module>.0:0.run_stress_test.141:0 at /tmp/test
#19 0x00005597a23343c1 in py::PyNativeFunction::call_fast_ptrs(py::PyObject**, unsigned long, py::PyDict*) at /home/lux/code/language/python-cpp/src/runtime/export/../../runtime/PyFunction.cpp:324:15
#20 0x00005597a2236b26 in rt_call_raw_ptrs(py::PyObject*, py::PyObject**, int, py::PyObject*) at /home/lux/code/language/python-cpp/src/runtime/export/rt_func.cpp:224:42
#21 0x00005597a222dc3c in PyInit_test at /tmp/test
#22 0x00005597a2230cda in main at /tmp/test
#23 0x00007ffa7362a1c9 in __libc_start_call_main at ./csu/../sysdeps/nptl/libc_start_call_main.h:58:16
#24 0x00007ffa7362a28a in __libc_start_main_impl at ./csu/../csu/libc-start.c:360:3
#25 0x00005597a222d904 in _start at /tmp/test
[:37.048]  [DEBUG_ALLOC_TRACE] Type: PyString             | Total:     400000
Stack trace (most recent call first):
#0  0x00005597a2457ac8 in _pylang_debug_log_alloc(char const*, std::atomic<unsigned long>&) at /home/lux/code/language/python-cpp/src/runtime/export/../../runtime/compat.hpp:41:16
#1  (inlined)          in py::PyString::create_raw(std::__cxx11::basic_string<char, std::char_traits<char>, std::allocator<char> >&&)::$_0::operator()() const at /home/lux/code/language/python-cpp/src/runtime/export/../../runtime/PyString.cpp:326:17
#2  0x00005597a23c6eeb in py::PyString::create_raw(std::__cxx11::basic_string<char, std::char_traits<char>, std::allocator<char> >&&) at /home/lux/code/language/python-cpp/src/runtime/export/../../runtime/PyString.cpp:326:17
#3  0x00005597a23854dc in py::PyType::call_fast_ptrs(py::PyObject**, unsigned long, py::PyDict*) at /home/lux/code/language/python-cpp/src/runtime/export/../../runtime/PyObject.cpp:1283:11
#4  0x00005597a2236b26 in rt_call_raw_ptrs(py::PyObject*, py::PyObject**, int, py::PyObject*) at /home/lux/code/language/python-cpp/src/runtime/export/rt_func.cpp:224:42
#5  0x00005597a222f070 in test.<module>.0:0.generate_trie.70:0 at /tmp/test
#6  0x00005597a23343c1 in py::PyNativeFunction::call_fast_ptrs(py::PyObject**, unsigned long, py::PyDict*) at /home/lux/code/language/python-cpp/src/runtime/export/../../runtime/PyFunction.cpp:324:15
#7  0x00005597a2236b26 in rt_call_raw_ptrs(py::PyObject*, py::PyObject**, int, py::PyObject*) at /home/lux/code/language/python-cpp/src/runtime/export/rt_func.cpp:224:42
#8  0x00005597a222f5c6 in test.<module>.0:0.find.84:0 at /tmp/test
#9  0x00005597a23343c1 in py::PyNativeFunction::call_fast_ptrs(py::PyObject**, unsigned long, py::PyDict*) at /home/lux/code/language/python-cpp/src/runtime/export/../../runtime/PyFunction.cpp:324:15
#10 0x00005597a2236b26 in rt_call_raw_ptrs(py::PyObject*, py::PyObject**, int, py::PyObject*) at /home/lux/code/language/python-cpp/src/runtime/export/rt_func.cpp:224:42
#11 0x00005597a22309e5 in test.<module>.0:0.run_stress_test.141:0 at /tmp/test
#12 0x00005597a23343c1 in py::PyNativeFunction::call_fast_ptrs(py::PyObject**, unsigned long, py::PyDict*) at /home/lux/code/language/python-cpp/src/runtime/export/../../runtime/PyFunction.cpp:324:15
#13 0x00005597a2236b26 in rt_call_raw_ptrs(py::PyObject*, py::PyObject**, int, py::PyObject*) at /home/lux/code/language/python-cpp/src/runtime/export/rt_func.cpp:224:42
#14 0x00005597a222dc3c in PyInit_test at /tmp/test
#15 0x00005597a2230cda in main at /tmp/test
#16 0x00007ffa7362a1c9 in __libc_start_call_main at ./csu/../sysdeps/nptl/libc_start_call_main.h:58:16
#17 0x00007ffa7362a28a in __libc_start_main_impl at ./csu/../csu/libc-start.c:360:3
#18 0x00005597a222d904 in _start at /tmp/test
[:37.053]   Type: PyDict               | Total:     705000
[:37.053]   Type: Type                 | Total:     705000
[:37.057]   Type: PyString             | Total:     405000
[:37.058]   Type: PyDict               | Total:     710000
[:37.058]   Type: Type                 | Total:     710000
[:37.063]   Type: PyDict               | Total:     715000
[:37.064]   Type: Type                 | Total:     715000
[:37.066]   Type: PyString             | Total:     410000
[:37.069]   Type: PyDict               | Total:     720000
[:37.069]   Type: Type                 | Total:     720000
[:37.075]   Type: PyDict               | Total:     725000
[:37.075]   Type: Type                 | Total:     725000
[:37.075]   Type: PyString             | Total:     415000
[:37.080]   Type: PyDict               | Total:     730000
[:37.080]   Type: Type                 | Total:     730000
[:37.085]   Type: PyString             | Total:     420000
[:37.086]   Type: PyDict               | Total:     735000
[:37.086]   Type: Type                 | Total:     735000
[:37.091]   Type: PyDict               | Total:     740000
[:37.091]   Type: Type                 | Total:     740000
[:37.095]   Type: PyString             | Total:     425000
[:37.098]   Type: PyDict               | Total:     745000
[:37.098]   Type: Type                 | Total:     745000
[:37.103]   Type: PyDict               | Total:     750000
[:37.104]   Type: Type                 | Total:     750000
[:37.105]   Type: PyString             | Total:     430000
[:37.109]   Type: PyDict               | Total:     755000
[:37.109]   Type: Type                 | Total:     755000
[:37.115]   Type: PyString             | Total:     435000
[:37.115]   Type: PyDict               | Total:     760000
[:37.115]   Type: Type                 | Total:     760000
[:37.121]   Type: PyDict               | Total:     765000
[:37.121]   Type: Type                 | Total:     765000
[:37.126]   Type: PyString             | Total:     440000
[:37.129]   Type: PyDict               | Total:     770000
[:37.129]   Type: Type                 | Total:     770000
[:37.135]   Type: PyDict               | Total:     775000
[:37.135]   Type: Type                 | Total:     775000
[:37.138]   Type: PyString             | Total:     445000
[:37.142]   Type: PyDict               | Total:     780000
[:37.142]   Type: Type                 | Total:     780000
[:37.148]   Type: PyDict               | Total:     785000
[:37.148]   Type: Type                 | Total:     785000
[:37.149]   Type: PyString             | Total:     450000
[:37.154]   Type: PyDict               | Total:     790000
[:37.154]   Type: Type                 | Total:     790000
[:37.160]   Type: PyString             | Total:     455000
[:37.160]   Type: PyDict               | Total:     795000
[:37.160]   Type: Type                 | Total:     795000
[:37.168]  [DEBUG_ALLOC_TRACE] Type: PyDict               | Total:     800000
Stack trace (most recent call first):
#0  0x00005597a2457ac8 in _pylang_debug_log_alloc(char const*, std::atomic<unsigned long>&) at /home/lux/code/language/python-cpp/src/runtime/export/../../runtime/compat.hpp:41:16
#1  (inlined)          in py::PyDict::create()::$_0::operator()() const at /home/lux/code/language/python-cpp/src/runtime/export/../../runtime/PyDict.cpp:79:17
#2  0x00005597a2318f06 in py::PyDict::create() at /home/lux/code/language/python-cpp/src/runtime/export/../../runtime/PyDict.cpp:79:17
#3  0x00005597a223474b in rt_build_dict(int, py::PyObject**, py::PyObject**) at /home/lux/code/language/python-cpp/src/runtime/export/rt_create.cpp:74:37
#4  0x00005597a222dd13 in test.<module>.0:0.Node.3:0.__init__.4:4 at /tmp/test
#5  0x00005597a23343c1 in py::PyNativeFunction::call_fast_ptrs(py::PyObject**, unsigned long, py::PyDict*) at /home/lux/code/language/python-cpp/src/runtime/export/../../runtime/PyFunction.cpp:324:15
#6  0x00005597a2388270 in py::PyObject::init_fast_ptrs(py::PyObject**, unsigned long, py::PyDict*) at /home/lux/code/language/python-cpp/src/runtime/export/../../runtime/PyObject.cpp:1427:32
#7  0x00005597a238677a in py::PyType::call_fast_ptrs(py::PyObject**, unsigned long, py::PyDict*) at /home/lux/code/language/python-cpp/src/runtime/export/../../runtime/PyObject.cpp:1342:26
#8  0x00005597a2236b26 in rt_call_raw_ptrs(py::PyObject*, py::PyObject**, int, py::PyObject*) at /home/lux/code/language/python-cpp/src/runtime/export/rt_func.cpp:224:42
#9  0x00005597a222f1ab in test.<module>.0:0.generate_trie.70:0 at /tmp/test
#10 0x00005597a23343c1 in py::PyNativeFunction::call_fast_ptrs(py::PyObject**, unsigned long, py::PyDict*) at /home/lux/code/language/python-cpp/src/runtime/export/../../runtime/PyFunction.cpp:324:15
#11 0x00005597a2236b26 in rt_call_raw_ptrs(py::PyObject*, py::PyObject**, int, py::PyObject*) at /home/lux/code/language/python-cpp/src/runtime/export/rt_func.cpp:224:42
#12 0x00005597a222f5c6 in test.<module>.0:0.find.84:0 at /tmp/test
#13 0x00005597a23343c1 in py::PyNativeFunction::call_fast_ptrs(py::PyObject**, unsigned long, py::PyDict*) at /home/lux/code/language/python-cpp/src/runtime/export/../../runtime/PyFunction.cpp:324:15
#14 0x00005597a2236b26 in rt_call_raw_ptrs(py::PyObject*, py::PyObject**, int, py::PyObject*) at /home/lux/code/language/python-cpp/src/runtime/export/rt_func.cpp:224:42
#15 0x00005597a22309e5 in test.<module>.0:0.run_stress_test.141:0 at /tmp/test
#16 0x00005597a23343c1 in py::PyNativeFunction::call_fast_ptrs(py::PyObject**, unsigned long, py::PyDict*) at /home/lux/code/language/python-cpp/src/runtime/export/../../runtime/PyFunction.cpp:324:15
#17 0x00005597a2236b26 in rt_call_raw_ptrs(py::PyObject*, py::PyObject**, int, py::PyObject*) at /home/lux/code/language/python-cpp/src/runtime/export/rt_func.cpp:224:42
#18 0x00005597a222dc3c in PyInit_test at /tmp/test
#19 0x00005597a2230cda in main at /tmp/test
#20 0x00007ffa7362a1c9 in __libc_start_call_main at ./csu/../sysdeps/nptl/libc_start_call_main.h:58:16
#21 0x00007ffa7362a28a in __libc_start_main_impl at ./csu/../csu/libc-start.c:360:3
#22 0x00005597a222d904 in _start at /tmp/test
[:37.170]  [DEBUG_ALLOC_TRACE] Type: Type                 | Total:     800000
Stack trace (most recent call first):
#0  0x00005597a2457ac8 in _pylang_debug_log_alloc(char const*, std::atomic<unsigned long>&) at /home/lux/code/language/python-cpp/src/runtime/export/../../runtime/compat.hpp:41:16
#1  (inlined)          in py::TypePrototype::create<py::PyObject>(std::basic_string_view<char, std::char_traits<char> >)::{lambda(py::PyType*)#1}::operator()(py::PyType*) const::{lambda()#1}::operator()() const::{lambda()#2}::operator()() const at /home/lux/code/language/python-cpp/src/runtime/export/../../runtime/PyObject.hpp:596:12
#2  0x00005597a25f64b3 in py::TypePrototype::create<py::PyObject>(std::basic_string_view<char, std::char_traits<char> >)::{lambda(py::PyType*)#1}::operator()(py::PyType*) const::{lambda()#1}::operator()() const at /home/lux/code/language/python-cpp/src/runtime/export/../../runtime/PyObject.hpp:596:12
#3  (inlined)          in py::TypePrototype::create<py::PyObject>(std::basic_string_view<char, std::char_traits<char> >)::{lambda(py::PyType*)#1}::operator()(py::PyType*) const at /home/lux/code/language/python-cpp/src/runtime/export/../../runtime/PyObject.hpp:588:15
#4  (inlined)          in py::PyResult<py::PyObject*> std::__invoke_impl<py::PyResult<py::PyObject*>, py::TypePrototype::create<py::PyObject>(std::basic_string_view<char, std::char_traits<char> >)::{lambda(py::PyType*)#1}&, py::PyType*>(std::__invoke_other, py::TypePrototype::create<py::PyObject>(std::basic_string_view<char, std::char_traits<char> >)::{lambda(py::PyType*)#1}&, py::PyType*&&) at /usr/lib/gcc/x86_64-linux-gnu/13/../../../../include/c++/13/bits/invoke.h:61:14
#5  (inlined)          in std::enable_if<is_invocable_r_v<py::PyResult<py::PyObject*>, py::TypePrototype::create<py::PyObject>(std::basic_string_view<char, std::char_traits<char> >)::{lambda(py::PyType*)#1}&, py::PyType*>, py::PyResult<py::PyObject*> >::type std::__invoke_r<py::PyResult<py::PyObject*>, py::TypePrototype::create<py::PyObject>(std::basic_string_view<char, std::char_traits<char> >)::{lambda(py::PyType*)#1}&, py::PyType*>(py::TypePrototype::create<py::PyObject>(std::basic_string_view<char, std::char_traits<char> >)::{lambda(py::PyType*)#1}&, py::PyType*&&) at /usr/lib/gcc/x86_64-linux-gnu/13/../../../../include/c++/13/bits/invoke.h:114:9
#6  0x00005597a25f6275 in std::_Function_handler<py::PyResult<py::PyObject*> (py::PyType*), py::TypePrototype::create<py::PyObject>(std::basic_string_view<char, std::char_traits<char> >)::{lambda(py::PyType*)#1}>::_M_invoke(std::_Any_data const&, py::PyType*&&) at /usr/lib/gcc/x86_64-linux-gnu/13/../../../../include/c++/13/bits/std_function.h:290:9
#7  (inlined)          in std::function<py::PyResult<py::PyObject*> (py::PyType*)>::operator()(py::PyType*) const at /usr/lib/gcc/x86_64-linux-gnu/13/../../../../include/c++/13/bits/std_function.h:591:9
#8  0x00005597a243d0c3 in py::PyType::heap_object_allocation(py::PyType*) at /home/lux/code/language/python-cpp/src/runtime/export/../../runtime/PyType.cpp:490:55
#9  (inlined)          in std::function<py::PyResult<py::PyObject*> (py::PyType*)>::operator()(py::PyType*) const at /usr/lib/gcc/x86_64-linux-gnu/13/../../../../include/c++/13/bits/std_function.h:591:9
#10 0x00005597a2386462 in py::PyType::call_fast_ptrs(py::PyObject**, unsigned long, py::PyDict*) at /home/lux/code/language/python-cpp/src/runtime/export/../../runtime/PyObject.cpp:1329:19
#11 0x00005597a2236b26 in rt_call_raw_ptrs(py::PyObject*, py::PyObject**, int, py::PyObject*) at /home/lux/code/language/python-cpp/src/runtime/export/rt_func.cpp:224:42
#12 0x00005597a222f1ab in test.<module>.0:0.generate_trie.70:0 at /tmp/test
#13 0x00005597a23343c1 in py::PyNativeFunction::call_fast_ptrs(py::PyObject**, unsigned long, py::PyDict*) at /home/lux/code/language/python-cpp/src/runtime/export/../../runtime/PyFunction.cpp:324:15
#14 0x00005597a2236b26 in rt_call_raw_ptrs(py::PyObject*, py::PyObject**, int, py::PyObject*) at /home/lux/code/language/python-cpp/src/runtime/export/rt_func.cpp:224:42
#15 0x00005597a222f5c6 in test.<module>.0:0.find.84:0 at /tmp/test
#16 0x00005597a23343c1 in py::PyNativeFunction::call_fast_ptrs(py::PyObject**, unsigned long, py::PyDict*) at /home/lux/code/language/python-cpp/src/runtime/export/../../runtime/PyFunction.cpp:324:15
#17 0x00005597a2236b26 in rt_call_raw_ptrs(py::PyObject*, py::PyObject**, int, py::PyObject*) at /home/lux/code/language/python-cpp/src/runtime/export/rt_func.cpp:224:42
#18 0x00005597a22309e5 in test.<module>.0:0.run_stress_test.141:0 at /tmp/test
#19 0x00005597a23343c1 in py::PyNativeFunction::call_fast_ptrs(py::PyObject**, unsigned long, py::PyDict*) at /home/lux/code/language/python-cpp/src/runtime/export/../../runtime/PyFunction.cpp:324:15
#20 0x00005597a2236b26 in rt_call_raw_ptrs(py::PyObject*, py::PyObject**, int, py::PyObject*) at /home/lux/code/language/python-cpp/src/runtime/export/rt_func.cpp:224:42
#21 0x00005597a222dc3c in PyInit_test at /tmp/test
#22 0x00005597a2230cda in main at /tmp/test
#23 0x00007ffa7362a1c9 in __libc_start_call_main at ./csu/../sysdeps/nptl/libc_start_call_main.h:58:16
#24 0x00007ffa7362a28a in __libc_start_main_impl at ./csu/../csu/libc-start.c:360:3
#25 0x00005597a222d904 in _start at /tmp/test
[:37.173]   Type: PyString             | Total:     460000
[:37.175]   Type: PyDict               | Total:     805000
[:37.175]   Type: Type                 | Total:     805000
[:37.181]   Type: PyDict               | Total:     810000
[:37.181]   Type: Type                 | Total:     810000
[:37.183]   Type: PyString             | Total:     465000
[:37.186]   Type: PyDict               | Total:     815000
[:37.187]   Type: Type                 | Total:     815000
[:37.192]   Type: PyDict               | Total:     820000
[:37.192]   Type: Type                 | Total:     820000
[:37.193]   Type: PyString             | Total:     470000
[:37.197]   Type: PyDict               | Total:     825000
[:37.197]   Type: Type                 | Total:     825000
[:37.202]   Type: PyString             | Total:     475000
[:37.203]   Type: PyDict               | Total:     830000
[:37.203]   Type: Type                 | Total:     830000
[:37.208]   Type: PyDict               | Total:     835000
[:37.209]   Type: Type                 | Total:     835000
[:37.212]   Type: PyString             | Total:     480000
[:37.214]   Type: PyDict               | Total:     840000
[:37.214]   Type: Type                 | Total:     840000
[:37.220]   Type: PyDict               | Total:     845000
[:37.220]   Type: Type                 | Total:     845000
[:37.222]   Type: PyString             | Total:     485000
[:37.226]   Type: PyDict               | Total:     850000
[:37.226]   Type: Type                 | Total:     850000
[:37.231]   Type: PyDict               | Total:     855000
[:37.232]   Type: Type                 | Total:     855000
[:37.232]   Type: PyString             | Total:     490000
[:37.238]   Type: PyDict               | Total:     860000
[:37.238]   Type: Type                 | Total:     860000
[:37.244]   Type: PyString             | Total:     495000
[:37.245]   Type: PyDict               | Total:     865000
[:37.245]   Type: Type                 | Total:     865000
[:37.252]   Type: PyDict               | Total:     870000
[:37.252]   Type: Type                 | Total:     870000
[:37.257]  [DEBUG_ALLOC_TRACE] Type: PyString             | Total:     500000
Stack trace (most recent call first):
#0  0x00005597a2457ac8 in _pylang_debug_log_alloc(char const*, std::atomic<unsigned long>&) at /home/lux/code/language/python-cpp/src/runtime/export/../../runtime/compat.hpp:41:16
#1  (inlined)          in py::PyString::create_raw(std::__cxx11::basic_string<char, std::char_traits<char>, std::allocator<char> >&&)::$_0::operator()() const at /home/lux/code/language/python-cpp/src/runtime/export/../../runtime/PyString.cpp:326:17
#2  0x00005597a23c6eeb in py::PyString::create_raw(std::__cxx11::basic_string<char, std::char_traits<char>, std::allocator<char> >&&) at /home/lux/code/language/python-cpp/src/runtime/export/../../runtime/PyString.cpp:326:17
#3  0x00005597a23854dc in py::PyType::call_fast_ptrs(py::PyObject**, unsigned long, py::PyDict*) at /home/lux/code/language/python-cpp/src/runtime/export/../../runtime/PyObject.cpp:1283:11
#4  0x00005597a2236b26 in rt_call_raw_ptrs(py::PyObject*, py::PyObject**, int, py::PyObject*) at /home/lux/code/language/python-cpp/src/runtime/export/rt_func.cpp:224:42
#5  0x00005597a222f070 in test.<module>.0:0.generate_trie.70:0 at /tmp/test
#6  0x00005597a23343c1 in py::PyNativeFunction::call_fast_ptrs(py::PyObject**, unsigned long, py::PyDict*) at /home/lux/code/language/python-cpp/src/runtime/export/../../runtime/PyFunction.cpp:324:15
#7  0x00005597a2236b26 in rt_call_raw_ptrs(py::PyObject*, py::PyObject**, int, py::PyObject*) at /home/lux/code/language/python-cpp/src/runtime/export/rt_func.cpp:224:42
#8  0x00005597a222f5c6 in test.<module>.0:0.find.84:0 at /tmp/test
#9  0x00005597a23343c1 in py::PyNativeFunction::call_fast_ptrs(py::PyObject**, unsigned long, py::PyDict*) at /home/lux/code/language/python-cpp/src/runtime/export/../../runtime/PyFunction.cpp:324:15
#10 0x00005597a2236b26 in rt_call_raw_ptrs(py::PyObject*, py::PyObject**, int, py::PyObject*) at /home/lux/code/language/python-cpp/src/runtime/export/rt_func.cpp:224:42
#11 0x00005597a22309e5 in test.<module>.0:0.run_stress_test.141:0 at /tmp/test
#12 0x00005597a23343c1 in py::PyNativeFunction::call_fast_ptrs(py::PyObject**, unsigned long, py::PyDict*) at /home/lux/code/language/python-cpp/src/runtime/export/../../runtime/PyFunction.cpp:324:15
#13 0x00005597a2236b26 in rt_call_raw_ptrs(py::PyObject*, py::PyObject**, int, py::PyObject*) at /home/lux/code/language/python-cpp/src/runtime/export/rt_func.cpp:224:42
#14 0x00005597a222dc3c in PyInit_test at /tmp/test
#15 0x00005597a2230cda in main at /tmp/test
#16 0x00007ffa7362a1c9 in __libc_start_call_main at ./csu/../sysdeps/nptl/libc_start_call_main.h:58:16
#17 0x00007ffa7362a28a in __libc_start_main_impl at ./csu/../csu/libc-start.c:360:3
#18 0x00005597a222d904 in _start at /tmp/test
[:37.260]   Type: PyDict               | Total:     875000
[:37.260]   Type: Type                 | Total:     875000
[:37.265]   Type: PyDict               | Total:     880000
[:37.266]   Type: Type                 | Total:     880000
[:37.268]   Type: PyString             | Total:     505000
[:37.271]   Type: PyDict               | Total:     885000
[:37.271]   Type: Type                 | Total:     885000
[:37.277]   Type: PyDict               | Total:     890000
[:37.277]   Type: Type                 | Total:     890000
[:37.278]   Type: PyString             | Total:     510000
[:37.282]   Type: PyDict               | Total:     895000
[:37.283]   Type: Type                 | Total:     895000
[:37.288]   Type: PyString             | Total:     515000
[:37.290]  [DEBUG_ALLOC_TRACE] Type: PyDict               | Total:     900000
Stack trace (most recent call first):
#0  0x00005597a2457ac8 in _pylang_debug_log_alloc(char const*, std::atomic<unsigned long>&) at /home/lux/code/language/python-cpp/src/runtime/export/../../runtime/compat.hpp:41:16
#1  (inlined)          in py::PyDict::create()::$_0::operator()() const at /home/lux/code/language/python-cpp/src/runtime/export/../../runtime/PyDict.cpp:79:17
#2  0x00005597a2318f06 in py::PyDict::create() at /home/lux/code/language/python-cpp/src/runtime/export/../../runtime/PyDict.cpp:79:17
#3  0x00005597a223474b in rt_build_dict(int, py::PyObject**, py::PyObject**) at /home/lux/code/language/python-cpp/src/runtime/export/rt_create.cpp:74:37
#4  0x00005597a222dd13 in test.<module>.0:0.Node.3:0.__init__.4:4 at /tmp/test
#5  0x00005597a23343c1 in py::PyNativeFunction::call_fast_ptrs(py::PyObject**, unsigned long, py::PyDict*) at /home/lux/code/language/python-cpp/src/runtime/export/../../runtime/PyFunction.cpp:324:15
#6  0x00005597a2388270 in py::PyObject::init_fast_ptrs(py::PyObject**, unsigned long, py::PyDict*) at /home/lux/code/language/python-cpp/src/runtime/export/../../runtime/PyObject.cpp:1427:32
#7  0x00005597a238677a in py::PyType::call_fast_ptrs(py::PyObject**, unsigned long, py::PyDict*) at /home/lux/code/language/python-cpp/src/runtime/export/../../runtime/PyObject.cpp:1342:26
#8  0x00005597a2236b26 in rt_call_raw_ptrs(py::PyObject*, py::PyObject**, int, py::PyObject*) at /home/lux/code/language/python-cpp/src/runtime/export/rt_func.cpp:224:42
#9  0x00005597a222f1ab in test.<module>.0:0.generate_trie.70:0 at /tmp/test
#10 0x00005597a23343c1 in py::PyNativeFunction::call_fast_ptrs(py::PyObject**, unsigned long, py::PyDict*) at /home/lux/code/language/python-cpp/src/runtime/export/../../runtime/PyFunction.cpp:324:15
#11 0x00005597a2236b26 in rt_call_raw_ptrs(py::PyObject*, py::PyObject**, int, py::PyObject*) at /home/lux/code/language/python-cpp/src/runtime/export/rt_func.cpp:224:42
#12 0x00005597a222f5c6 in test.<module>.0:0.find.84:0 at /tmp/test
#13 0x00005597a23343c1 in py::PyNativeFunction::call_fast_ptrs(py::PyObject**, unsigned long, py::PyDict*) at /home/lux/code/language/python-cpp/src/runtime/export/../../runtime/PyFunction.cpp:324:15
#14 0x00005597a2236b26 in rt_call_raw_ptrs(py::PyObject*, py::PyObject**, int, py::PyObject*) at /home/lux/code/language/python-cpp/src/runtime/export/rt_func.cpp:224:42
#15 0x00005597a22309e5 in test.<module>.0:0.run_stress_test.141:0 at /tmp/test
#16 0x00005597a23343c1 in py::PyNativeFunction::call_fast_ptrs(py::PyObject**, unsigned long, py::PyDict*) at /home/lux/code/language/python-cpp/src/runtime/export/../../runtime/PyFunction.cpp:324:15
#17 0x00005597a2236b26 in rt_call_raw_ptrs(py::PyObject*, py::PyObject**, int, py::PyObject*) at /home/lux/code/language/python-cpp/src/runtime/export/rt_func.cpp:224:42
#18 0x00005597a222dc3c in PyInit_test at /tmp/test
#19 0x00005597a2230cda in main at /tmp/test
#20 0x00007ffa7362a1c9 in __libc_start_call_main at ./csu/../sysdeps/nptl/libc_start_call_main.h:58:16
#21 0x00007ffa7362a28a in __libc_start_main_impl at ./csu/../csu/libc-start.c:360:3
#22 0x00005597a222d904 in _start at /tmp/test
[:37.292]  [DEBUG_ALLOC_TRACE] Type: Type                 | Total:     900000
Stack trace (most recent call first):
#0  0x00005597a2457ac8 in _pylang_debug_log_alloc(char const*, std::atomic<unsigned long>&) at /home/lux/code/language/python-cpp/src/runtime/export/../../runtime/compat.hpp:41:16
#1  (inlined)          in py::TypePrototype::create<py::PyObject>(std::basic_string_view<char, std::char_traits<char> >)::{lambda(py::PyType*)#1}::operator()(py::PyType*) const::{lambda()#1}::operator()() const::{lambda()#2}::operator()() const at /home/lux/code/language/python-cpp/src/runtime/export/../../runtime/PyObject.hpp:596:12
#2  0x00005597a25f64b3 in py::TypePrototype::create<py::PyObject>(std::basic_string_view<char, std::char_traits<char> >)::{lambda(py::PyType*)#1}::operator()(py::PyType*) const::{lambda()#1}::operator()() const at /home/lux/code/language/python-cpp/src/runtime/export/../../runtime/PyObject.hpp:596:12
#3  (inlined)          in py::TypePrototype::create<py::PyObject>(std::basic_string_view<char, std::char_traits<char> >)::{lambda(py::PyType*)#1}::operator()(py::PyType*) const at /home/lux/code/language/python-cpp/src/runtime/export/../../runtime/PyObject.hpp:588:15
#4  (inlined)          in py::PyResult<py::PyObject*> std::__invoke_impl<py::PyResult<py::PyObject*>, py::TypePrototype::create<py::PyObject>(std::basic_string_view<char, std::char_traits<char> >)::{lambda(py::PyType*)#1}&, py::PyType*>(std::__invoke_other, py::TypePrototype::create<py::PyObject>(std::basic_string_view<char, std::char_traits<char> >)::{lambda(py::PyType*)#1}&, py::PyType*&&) at /usr/lib/gcc/x86_64-linux-gnu/13/../../../../include/c++/13/bits/invoke.h:61:14
#5  (inlined)          in std::enable_if<is_invocable_r_v<py::PyResult<py::PyObject*>, py::TypePrototype::create<py::PyObject>(std::basic_string_view<char, std::char_traits<char> >)::{lambda(py::PyType*)#1}&, py::PyType*>, py::PyResult<py::PyObject*> >::type std::__invoke_r<py::PyResult<py::PyObject*>, py::TypePrototype::create<py::PyObject>(std::basic_string_view<char, std::char_traits<char> >)::{lambda(py::PyType*)#1}&, py::PyType*>(py::TypePrototype::create<py::PyObject>(std::basic_string_view<char, std::char_traits<char> >)::{lambda(py::PyType*)#1}&, py::PyType*&&) at /usr/lib/gcc/x86_64-linux-gnu/13/../../../../include/c++/13/bits/invoke.h:114:9
#6  0x00005597a25f6275 in std::_Function_handler<py::PyResult<py::PyObject*> (py::PyType*), py::TypePrototype::create<py::PyObject>(std::basic_string_view<char, std::char_traits<char> >)::{lambda(py::PyType*)#1}>::_M_invoke(std::_Any_data const&, py::PyType*&&) at /usr/lib/gcc/x86_64-linux-gnu/13/../../../../include/c++/13/bits/std_function.h:290:9
#7  (inlined)          in std::function<py::PyResult<py::PyObject*> (py::PyType*)>::operator()(py::PyType*) const at /usr/lib/gcc/x86_64-linux-gnu/13/../../../../include/c++/13/bits/std_function.h:591:9
#8  0x00005597a243d0c3 in py::PyType::heap_object_allocation(py::PyType*) at /home/lux/code/language/python-cpp/src/runtime/export/../../runtime/PyType.cpp:490:55
#9  (inlined)          in std::function<py::PyResult<py::PyObject*> (py::PyType*)>::operator()(py::PyType*) const at /usr/lib/gcc/x86_64-linux-gnu/13/../../../../include/c++/13/bits/std_function.h:591:9
#10 0x00005597a2386462 in py::PyType::call_fast_ptrs(py::PyObject**, unsigned long, py::PyDict*) at /home/lux/code/language/python-cpp/src/runtime/export/../../runtime/PyObject.cpp:1329:19
#11 0x00005597a2236b26 in rt_call_raw_ptrs(py::PyObject*, py::PyObject**, int, py::PyObject*) at /home/lux/code/language/python-cpp/src/runtime/export/rt_func.cpp:224:42
#12 0x00005597a222f1ab in test.<module>.0:0.generate_trie.70:0 at /tmp/test
#13 0x00005597a23343c1 in py::PyNativeFunction::call_fast_ptrs(py::PyObject**, unsigned long, py::PyDict*) at /home/lux/code/language/python-cpp/src/runtime/export/../../runtime/PyFunction.cpp:324:15
#14 0x00005597a2236b26 in rt_call_raw_ptrs(py::PyObject*, py::PyObject**, int, py::PyObject*) at /home/lux/code/language/python-cpp/src/runtime/export/rt_func.cpp:224:42
#15 0x00005597a222f5c6 in test.<module>.0:0.find.84:0 at /tmp/test
#16 0x00005597a23343c1 in py::PyNativeFunction::call_fast_ptrs(py::PyObject**, unsigned long, py::PyDict*) at /home/lux/code/language/python-cpp/src/runtime/export/../../runtime/PyFunction.cpp:324:15
#17 0x00005597a2236b26 in rt_call_raw_ptrs(py::PyObject*, py::PyObject**, int, py::PyObject*) at /home/lux/code/language/python-cpp/src/runtime/export/rt_func.cpp:224:42
#18 0x00005597a22309e5 in test.<module>.0:0.run_stress_test.141:0 at /tmp/test
#19 0x00005597a23343c1 in py::PyNativeFunction::call_fast_ptrs(py::PyObject**, unsigned long, py::PyDict*) at /home/lux/code/language/python-cpp/src/runtime/export/../../runtime/PyFunction.cpp:324:15
#20 0x00005597a2236b26 in rt_call_raw_ptrs(py::PyObject*, py::PyObject**, int, py::PyObject*) at /home/lux/code/language/python-cpp/src/runtime/export/rt_func.cpp:224:42
#21 0x00005597a222dc3c in PyInit_test at /tmp/test
#22 0x00005597a2230cda in main at /tmp/test
#23 0x00007ffa7362a1c9 in __libc_start_call_main at ./csu/../sysdeps/nptl/libc_start_call_main.h:58:16
#24 0x00007ffa7362a28a in __libc_start_main_impl at ./csu/../csu/libc-start.c:360:3
#25 0x00005597a222d904 in _start at /tmp/test
[:37.297]   Type: PyDict               | Total:     905000
[:37.297]   Type: Type                 | Total:     905000
[:37.301]   Type: PyString             | Total:     520000
[:37.303]   Type: PyDict               | Total:     910000
[:37.303]   Type: Type                 | Total:     910000
[:37.308]   Type: PyDict               | Total:     915000
[:37.308]   Type: Type                 | Total:     915000
[:37.310]   Type: PyString             | Total:     525000
[:37.314]   Type: PyDict               | Total:     920000
[:37.314]   Type: Type                 | Total:     920000
[:37.319]   Type: PyDict               | Total:     925000
[:37.319]   Type: Type                 | Total:     925000
[:37.320]   Type: PyString             | Total:     530000
[:37.324]   Type: PyDict               | Total:     930000
[:37.325]   Type: Type                 | Total:     930000
[:37.330]   Type: PyString             | Total:     535000
[:37.330]   Type: PyDict               | Total:     935000
[:37.330]   Type: Type                 | Total:     935000
[:37.335]   Type: PyDict               | Total:     940000
[:37.336]   Type: Type                 | Total:     940000
[:37.340]   Type: PyString             | Total:     540000
[:37.341]   Type: PyDict               | Total:     945000
[:37.341]   Type: Type                 | Total:     945000
[:37.347]   Type: PyDict               | Total:     950000
[:37.348]   Type: Type                 | Total:     950000
[:37.351]   Type: PyString             | Total:     545000
[:37.354]   Type: PyDict               | Total:     955000
[:37.354]   Type: Type                 | Total:     955000
[:37.359]   Type: PyDict               | Total:     960000
[:37.360]   Type: Type                 | Total:     960000
[:37.361]   Type: PyString             | Total:     550000
[:37.365]   Type: PyDict               | Total:     965000
[:37.365]   Type: Type                 | Total:     965000
[:37.371]   Type: PyDict               | Total:     970000
[:37.371]   Type: Type                 | Total:     970000
[:37.371]   Type: PyString             | Total:     555000
[:37.376]   Type: PyDict               | Total:     975000
[:37.376]   Type: Type                 | Total:     975000
[:37.381]   Type: PyString             | Total:     560000
[:37.382]   Type: PyDict               | Total:     980000
[:37.382]   Type: Type                 | Total:     980000
[:37.387]   Type: PyDict               | Total:     985000
[:37.388]   Type: Type                 | Total:     985000
[:37.391]   Type: PyString             | Total:     565000
[:37.393]   Type: PyDict               | Total:     990000
[:37.393]   Type: Type                 | Total:     990000
[:37.399]   Type: PyDict               | Total:     995000
[:37.399]   Type: Type                 | Total:     995000
[:37.401]   Type: PyString             | Total:     570000
[:37.406]  [DEBUG_ALLOC_TRACE] Type: PyDict               | Total:    1000000
Stack trace (most recent call first):
#0  0x00005597a2457ac8 in _pylang_debug_log_alloc(char const*, std::atomic<unsigned long>&) at /home/lux/code/language/python-cpp/src/runtime/export/../../runtime/compat.hpp:41:16
#1  (inlined)          in py::PyDict::create()::$_0::operator()() const at /home/lux/code/language/python-cpp/src/runtime/export/../../runtime/PyDict.cpp:79:17
#2  0x00005597a2318f06 in py::PyDict::create() at /home/lux/code/language/python-cpp/src/runtime/export/../../runtime/PyDict.cpp:79:17
#3  0x00005597a223474b in rt_build_dict(int, py::PyObject**, py::PyObject**) at /home/lux/code/language/python-cpp/src/runtime/export/rt_create.cpp:74:37
#4  0x00005597a222dd13 in test.<module>.0:0.Node.3:0.__init__.4:4 at /tmp/test
#5  0x00005597a23343c1 in py::PyNativeFunction::call_fast_ptrs(py::PyObject**, unsigned long, py::PyDict*) at /home/lux/code/language/python-cpp/src/runtime/export/../../runtime/PyFunction.cpp:324:15
#6  0x00005597a2388270 in py::PyObject::init_fast_ptrs(py::PyObject**, unsigned long, py::PyDict*) at /home/lux/code/language/python-cpp/src/runtime/export/../../runtime/PyObject.cpp:1427:32
#7  0x00005597a238677a in py::PyType::call_fast_ptrs(py::PyObject**, unsigned long, py::PyDict*) at /home/lux/code/language/python-cpp/src/runtime/export/../../runtime/PyObject.cpp:1342:26
#8  0x00005597a2236b26 in rt_call_raw_ptrs(py::PyObject*, py::PyObject**, int, py::PyObject*) at /home/lux/code/language/python-cpp/src/runtime/export/rt_func.cpp:224:42
#9  0x00005597a222f1ab in test.<module>.0:0.generate_trie.70:0 at /tmp/test
#10 0x00005597a23343c1 in py::PyNativeFunction::call_fast_ptrs(py::PyObject**, unsigned long, py::PyDict*) at /home/lux/code/language/python-cpp/src/runtime/export/../../runtime/PyFunction.cpp:324:15
#11 0x00005597a2236b26 in rt_call_raw_ptrs(py::PyObject*, py::PyObject**, int, py::PyObject*) at /home/lux/code/language/python-cpp/src/runtime/export/rt_func.cpp:224:42
#12 0x00005597a222f5c6 in test.<module>.0:0.find.84:0 at /tmp/test
#13 0x00005597a23343c1 in py::PyNativeFunction::call_fast_ptrs(py::PyObject**, unsigned long, py::PyDict*) at /home/lux/code/language/python-cpp/src/runtime/export/../../runtime/PyFunction.cpp:324:15
#14 0x00005597a2236b26 in rt_call_raw_ptrs(py::PyObject*, py::PyObject**, int, py::PyObject*) at /home/lux/code/language/python-cpp/src/runtime/export/rt_func.cpp:224:42
#15 0x00005597a22309e5 in test.<module>.0:0.run_stress_test.141:0 at /tmp/test
#16 0x00005597a23343c1 in py::PyNativeFunction::call_fast_ptrs(py::PyObject**, unsigned long, py::PyDict*) at /home/lux/code/language/python-cpp/src/runtime/export/../../runtime/PyFunction.cpp:324:15
#17 0x00005597a2236b26 in rt_call_raw_ptrs(py::PyObject*, py::PyObject**, int, py::PyObject*) at /home/lux/code/language/python-cpp/src/runtime/export/rt_func.cpp:224:42
#18 0x00005597a222dc3c in PyInit_test at /tmp/test
#19 0x00005597a2230cda in main at /tmp/test
#20 0x00007ffa7362a1c9 in __libc_start_call_main at ./csu/../sysdeps/nptl/libc_start_call_main.h:58:16
#21 0x00007ffa7362a28a in __libc_start_main_impl at ./csu/../csu/libc-start.c:360:3
#22 0x00005597a222d904 in _start at /tmp/test
[:37.407]  [DEBUG_ALLOC_TRACE] Type: Type                 | Total:    1000000
Stack trace (most recent call first):
#0  0x00005597a2457ac8 in _pylang_debug_log_alloc(char const*, std::atomic<unsigned long>&) at /home/lux/code/language/python-cpp/src/runtime/export/../../runtime/compat.hpp:41:16
#1  (inlined)          in py::TypePrototype::create<py::PyObject>(std::basic_string_view<char, std::char_traits<char> >)::{lambda(py::PyType*)#1}::operator()(py::PyType*) const::{lambda()#1}::operator()() const::{lambda()#2}::operator()() const at /home/lux/code/language/python-cpp/src/runtime/export/../../runtime/PyObject.hpp:596:12
#2  0x00005597a25f64b3 in py::TypePrototype::create<py::PyObject>(std::basic_string_view<char, std::char_traits<char> >)::{lambda(py::PyType*)#1}::operator()(py::PyType*) const::{lambda()#1}::operator()() const at /home/lux/code/language/python-cpp/src/runtime/export/../../runtime/PyObject.hpp:596:12
#3  (inlined)          in py::TypePrototype::create<py::PyObject>(std::basic_string_view<char, std::char_traits<char> >)::{lambda(py::PyType*)#1}::operator()(py::PyType*) const at /home/lux/code/language/python-cpp/src/runtime/export/../../runtime/PyObject.hpp:588:15
#4  (inlined)          in py::PyResult<py::PyObject*> std::__invoke_impl<py::PyResult<py::PyObject*>, py::TypePrototype::create<py::PyObject>(std::basic_string_view<char, std::char_traits<char> >)::{lambda(py::PyType*)#1}&, py::PyType*>(std::__invoke_other, py::TypePrototype::create<py::PyObject>(std::basic_string_view<char, std::char_traits<char> >)::{lambda(py::PyType*)#1}&, py::PyType*&&) at /usr/lib/gcc/x86_64-linux-gnu/13/../../../../include/c++/13/bits/invoke.h:61:14
#5  (inlined)          in std::enable_if<is_invocable_r_v<py::PyResult<py::PyObject*>, py::TypePrototype::create<py::PyObject>(std::basic_string_view<char, std::char_traits<char> >)::{lambda(py::PyType*)#1}&, py::PyType*>, py::PyResult<py::PyObject*> >::type std::__invoke_r<py::PyResult<py::PyObject*>, py::TypePrototype::create<py::PyObject>(std::basic_string_view<char, std::char_traits<char> >)::{lambda(py::PyType*)#1}&, py::PyType*>(py::TypePrototype::create<py::PyObject>(std::basic_string_view<char, std::char_traits<char> >)::{lambda(py::PyType*)#1}&, py::PyType*&&) at /usr/lib/gcc/x86_64-linux-gnu/13/../../../../include/c++/13/bits/invoke.h:114:9
#6  0x00005597a25f6275 in std::_Function_handler<py::PyResult<py::PyObject*> (py::PyType*), py::TypePrototype::create<py::PyObject>(std::basic_string_view<char, std::char_traits<char> >)::{lambda(py::PyType*)#1}>::_M_invoke(std::_Any_data const&, py::PyType*&&) at /usr/lib/gcc/x86_64-linux-gnu/13/../../../../include/c++/13/bits/std_function.h:290:9
#7  (inlined)          in std::function<py::PyResult<py::PyObject*> (py::PyType*)>::operator()(py::PyType*) const at /usr/lib/gcc/x86_64-linux-gnu/13/../../../../include/c++/13/bits/std_function.h:591:9
#8  0x00005597a243d0c3 in py::PyType::heap_object_allocation(py::PyType*) at /home/lux/code/language/python-cpp/src/runtime/export/../../runtime/PyType.cpp:490:55
#9  (inlined)          in std::function<py::PyResult<py::PyObject*> (py::PyType*)>::operator()(py::PyType*) const at /usr/lib/gcc/x86_64-linux-gnu/13/../../../../include/c++/13/bits/std_function.h:591:9
#10 0x00005597a2386462 in py::PyType::call_fast_ptrs(py::PyObject**, unsigned long, py::PyDict*) at /home/lux/code/language/python-cpp/src/runtime/export/../../runtime/PyObject.cpp:1329:19
#11 0x00005597a2236b26 in rt_call_raw_ptrs(py::PyObject*, py::PyObject**, int, py::PyObject*) at /home/lux/code/language/python-cpp/src/runtime/export/rt_func.cpp:224:42
#12 0x00005597a222f1ab in test.<module>.0:0.generate_trie.70:0 at /tmp/test
#13 0x00005597a23343c1 in py::PyNativeFunction::call_fast_ptrs(py::PyObject**, unsigned long, py::PyDict*) at /home/lux/code/language/python-cpp/src/runtime/export/../../runtime/PyFunction.cpp:324:15
#14 0x00005597a2236b26 in rt_call_raw_ptrs(py::PyObject*, py::PyObject**, int, py::PyObject*) at /home/lux/code/language/python-cpp/src/runtime/export/rt_func.cpp:224:42
#15 0x00005597a222f5c6 in test.<module>.0:0.find.84:0 at /tmp/test
#16 0x00005597a23343c1 in py::PyNativeFunction::call_fast_ptrs(py::PyObject**, unsigned long, py::PyDict*) at /home/lux/code/language/python-cpp/src/runtime/export/../../runtime/PyFunction.cpp:324:15
#17 0x00005597a2236b26 in rt_call_raw_ptrs(py::PyObject*, py::PyObject**, int, py::PyObject*) at /home/lux/code/language/python-cpp/src/runtime/export/rt_func.cpp:224:42
#18 0x00005597a22309e5 in test.<module>.0:0.run_stress_test.141:0 at /tmp/test
#19 0x00005597a23343c1 in py::PyNativeFunction::call_fast_ptrs(py::PyObject**, unsigned long, py::PyDict*) at /home/lux/code/language/python-cpp/src/runtime/export/../../runtime/PyFunction.cpp:324:15
#20 0x00005597a2236b26 in rt_call_raw_ptrs(py::PyObject*, py::PyObject**, int, py::PyObject*) at /home/lux/code/language/python-cpp/src/runtime/export/rt_func.cpp:224:42
#21 0x00005597a222dc3c in PyInit_test at /tmp/test
#22 0x00005597a2230cda in main at /tmp/test
#23 0x00007ffa7362a1c9 in __libc_start_call_main at ./csu/../sysdeps/nptl/libc_start_call_main.h:58:16
#24 0x00007ffa7362a28a in __libc_start_main_impl at ./csu/../csu/libc-start.c:360:3
#25 0x00005597a222d904 in _start at /tmp/test
[:37.413]   Type: PyDict               | Total:    1005000
[:37.413]   Type: Type                 | Total:    1005000
[:37.414]   Type: PyString             | Total:     575000
[:37.418]   Type: PyDict               | Total:    1010000
[:37.419]   Type: Type                 | Total:    1010000
[:37.424]   Type: PyString             | Total:     580000
[:37.424]   Type: PyDict               | Total:    1015000
[:37.424]   Type: Type                 | Total:    1015000
[:37.430]   Type: PyDict               | Total:    1020000
[:37.430]   Type: Type                 | Total:    1020000
[:37.433]   Type: PyString             | Total:     585000
[:37.435]   Type: PyDict               | Total:    1025000
[:37.435]   Type: Type                 | Total:    1025000
[:37.441]   Type: PyDict               | Total:    1030000
[:37.441]   Type: Type                 | Total:    1030000
[:37.443]   Type: PyString             | Total:     590000
[:37.446]   Type: PyDict               | Total:    1035000
[:37.446]   Type: Type                 | Total:    1035000
[:37.452]   Type: PyDict               | Total:    1040000
[:37.452]   Type: Type                 | Total:    1040000
[:37.453]   Type: PyString             | Total:     595000
[:37.457]   Type: PyDict               | Total:    1045000
[:37.457]   Type: Type                 | Total:    1045000
[:37.463]   Type: PyDict               | Total:    1050000
[:37.464]  [DEBUG_ALLOC_TRACE] Type: PyString             | Total:     600000
Stack trace (most recent call first):
#0  0x00005597a2457ac8 in _pylang_debug_log_alloc(char const*, std::atomic<unsigned long>&) at /home/lux/code/language/python-cpp/src/runtime/export/../../runtime/compat.hpp:41:16
#1  (inlined)          in py::PyString::create_raw(std::__cxx11::basic_string<char, std::char_traits<char>, std::allocator<char> >&&)::$_0::operator()() const at /home/lux/code/language/python-cpp/src/runtime/export/../../runtime/PyString.cpp:326:17
#2  0x00005597a23c6eeb in py::PyString::create_raw(std::__cxx11::basic_string<char, std::char_traits<char>, std::allocator<char> >&&) at /home/lux/code/language/python-cpp/src/runtime/export/../../runtime/PyString.cpp:326:17
#3  0x00005597a23854dc in py::PyType::call_fast_ptrs(py::PyObject**, unsigned long, py::PyDict*) at /home/lux/code/language/python-cpp/src/runtime/export/../../runtime/PyObject.cpp:1283:11
#4  0x00005597a2236b26 in rt_call_raw_ptrs(py::PyObject*, py::PyObject**, int, py::PyObject*) at /home/lux/code/language/python-cpp/src/runtime/export/rt_func.cpp:224:42
#5  0x00005597a222f070 in test.<module>.0:0.generate_trie.70:0 at /tmp/test
#6  0x00005597a23343c1 in py::PyNativeFunction::call_fast_ptrs(py::PyObject**, unsigned long, py::PyDict*) at /home/lux/code/language/python-cpp/src/runtime/export/../../runtime/PyFunction.cpp:324:15
#7  0x00005597a2236b26 in rt_call_raw_ptrs(py::PyObject*, py::PyObject**, int, py::PyObject*) at /home/lux/code/language/python-cpp/src/runtime/export/rt_func.cpp:224:42
#8  0x00005597a222f5c6 in test.<module>.0:0.find.84:0 at /tmp/test
#9  0x00005597a23343c1 in py::PyNativeFunction::call_fast_ptrs(py::PyObject**, unsigned long, py::PyDict*) at /home/lux/code/language/python-cpp/src/runtime/export/../../runtime/PyFunction.cpp:324:15
#10 0x00005597a2236b26 in rt_call_raw_ptrs(py::PyObject*, py::PyObject**, int, py::PyObject*) at /home/lux/code/language/python-cpp/src/runtime/export/rt_func.cpp:224:42
#11 0x00005597a22309e5 in test.<module>.0:0.run_stress_test.141:0 at /tmp/test
#12 0x00005597a23343c1 in py::PyNativeFunction::call_fast_ptrs(py::PyObject**, unsigned long, py::PyDict*) at /home/lux/code/language/python-cpp/src/runtime/export/../../runtime/PyFunction.cpp:324:15
#13 0x00005597a2236b26 in rt_call_raw_ptrs(py::PyObject*, py::PyObject**, int, py::PyObject*) at /home/lux/code/language/python-cpp/src/runtime/export/rt_func.cpp:224:42
#14 0x00005597a222dc3c in PyInit_test at /tmp/test
#15 0x00005597a2230cda in main at /tmp/test
#16 0x00007ffa7362a1c9 in __libc_start_call_main at ./csu/../sysdeps/nptl/libc_start_call_main.h:58:16
#17 0x00007ffa7362a28a in __libc_start_main_impl at ./csu/../csu/libc-start.c:360:3
#18 0x00005597a222d904 in _start at /tmp/test
[:37.464]   Type: Type                 | Total:    1050000
[:37.470]   Type: PyDict               | Total:    1055000
[:37.470]   Type: Type                 | Total:    1055000
[:37.474]   Type: PyString             | Total:     605000
[:37.476]   Type: PyDict               | Total:    1060000
[:37.476]   Type: Type                 | Total:    1060000
[:37.481]   Type: PyDict               | Total:    1065000
[:37.482]   Type: Type                 | Total:    1065000
[:37.485]   Type: PyString             | Total:     610000
[:37.487]   Type: PyDict               | Total:    1070000
[:37.487]   Type: Type                 | Total:    1070000
[:37.493]   Type: PyDict               | Total:    1075000
[:37.493]   Type: Type                 | Total:    1075000
[:37.495]   Type: PyString             | Total:     615000
[:37.498]   Type: PyDict               | Total:    1080000
[:37.498]   Type: Type                 | Total:    1080000
[:37.504]   Type: PyDict               | Total:    1085000
[:37.504]   Type: Type                 | Total:    1085000
[:37.504]   Type: PyString             | Total:     620000
[:37.509]   Type: PyDict               | Total:    1090000
[:37.509]   Type: Type                 | Total:    1090000
[:37.514]   Type: PyString             | Total:     625000
[:37.515]   Type: PyDict               | Total:    1095000
[:37.515]   Type: Type                 | Total:    1095000
[:37.522]  [DEBUG_ALLOC_TRACE] Type: PyDict               | Total:    1100000
Stack trace (most recent call first):
#0  0x00005597a2457ac8 in _pylang_debug_log_alloc(char const*, std::atomic<unsigned long>&) at /home/lux/code/language/python-cpp/src/runtime/export/../../runtime/compat.hpp:41:16
#1  (inlined)          in py::PyDict::create()::$_0::operator()() const at /home/lux/code/language/python-cpp/src/runtime/export/../../runtime/PyDict.cpp:79:17
#2  0x00005597a2318f06 in py::PyDict::create() at /home/lux/code/language/python-cpp/src/runtime/export/../../runtime/PyDict.cpp:79:17
#3  0x00005597a223474b in rt_build_dict(int, py::PyObject**, py::PyObject**) at /home/lux/code/language/python-cpp/src/runtime/export/rt_create.cpp:74:37
#4  0x00005597a222dd13 in test.<module>.0:0.Node.3:0.__init__.4:4 at /tmp/test
#5  0x00005597a23343c1 in py::PyNativeFunction::call_fast_ptrs(py::PyObject**, unsigned long, py::PyDict*) at /home/lux/code/language/python-cpp/src/runtime/export/../../runtime/PyFunction.cpp:324:15
#6  0x00005597a2388270 in py::PyObject::init_fast_ptrs(py::PyObject**, unsigned long, py::PyDict*) at /home/lux/code/language/python-cpp/src/runtime/export/../../runtime/PyObject.cpp:1427:32
#7  0x00005597a238677a in py::PyType::call_fast_ptrs(py::PyObject**, unsigned long, py::PyDict*) at /home/lux/code/language/python-cpp/src/runtime/export/../../runtime/PyObject.cpp:1342:26
#8  0x00005597a2236b26 in rt_call_raw_ptrs(py::PyObject*, py::PyObject**, int, py::PyObject*) at /home/lux/code/language/python-cpp/src/runtime/export/rt_func.cpp:224:42
#9  0x00005597a222f1ab in test.<module>.0:0.generate_trie.70:0 at /tmp/test
#10 0x00005597a23343c1 in py::PyNativeFunction::call_fast_ptrs(py::PyObject**, unsigned long, py::PyDict*) at /home/lux/code/language/python-cpp/src/runtime/export/../../runtime/PyFunction.cpp:324:15
#11 0x00005597a2236b26 in rt_call_raw_ptrs(py::PyObject*, py::PyObject**, int, py::PyObject*) at /home/lux/code/language/python-cpp/src/runtime/export/rt_func.cpp:224:42
#12 0x00005597a222f5c6 in test.<module>.0:0.find.84:0 at /tmp/test
#13 0x00005597a23343c1 in py::PyNativeFunction::call_fast_ptrs(py::PyObject**, unsigned long, py::PyDict*) at /home/lux/code/language/python-cpp/src/runtime/export/../../runtime/PyFunction.cpp:324:15
#14 0x00005597a2236b26 in rt_call_raw_ptrs(py::PyObject*, py::PyObject**, int, py::PyObject*) at /home/lux/code/language/python-cpp/src/runtime/export/rt_func.cpp:224:42
#15 0x00005597a22309e5 in test.<module>.0:0.run_stress_test.141:0 at /tmp/test
#16 0x00005597a23343c1 in py::PyNativeFunction::call_fast_ptrs(py::PyObject**, unsigned long, py::PyDict*) at /home/lux/code/language/python-cpp/src/runtime/export/../../runtime/PyFunction.cpp:324:15
#17 0x00005597a2236b26 in rt_call_raw_ptrs(py::PyObject*, py::PyObject**, int, py::PyObject*) at /home/lux/code/language/python-cpp/src/runtime/export/rt_func.cpp:224:42
#18 0x00005597a222dc3c in PyInit_test at /tmp/test
#19 0x00005597a2230cda in main at /tmp/test
#20 0x00007ffa7362a1c9 in __libc_start_call_main at ./csu/../sysdeps/nptl/libc_start_call_main.h:58:16
#21 0x00007ffa7362a28a in __libc_start_main_impl at ./csu/../csu/libc-start.c:360:3
#22 0x00005597a222d904 in _start at /tmp/test
[:37.523]  [DEBUG_ALLOC_TRACE] Type: Type                 | Total:    1100000
Stack trace (most recent call first):
#0  0x00005597a2457ac8 in _pylang_debug_log_alloc(char const*, std::atomic<unsigned long>&) at /home/lux/code/language/python-cpp/src/runtime/export/../../runtime/compat.hpp:41:16
#1  (inlined)          in py::TypePrototype::create<py::PyObject>(std::basic_string_view<char, std::char_traits<char> >)::{lambda(py::PyType*)#1}::operator()(py::PyType*) const::{lambda()#1}::operator()() const::{lambda()#2}::operator()() const at /home/lux/code/language/python-cpp/src/runtime/export/../../runtime/PyObject.hpp:596:12
#2  0x00005597a25f64b3 in py::TypePrototype::create<py::PyObject>(std::basic_string_view<char, std::char_traits<char> >)::{lambda(py::PyType*)#1}::operator()(py::PyType*) const::{lambda()#1}::operator()() const at /home/lux/code/language/python-cpp/src/runtime/export/../../runtime/PyObject.hpp:596:12
#3  (inlined)          in py::TypePrototype::create<py::PyObject>(std::basic_string_view<char, std::char_traits<char> >)::{lambda(py::PyType*)#1}::operator()(py::PyType*) const at /home/lux/code/language/python-cpp/src/runtime/export/../../runtime/PyObject.hpp:588:15
#4  (inlined)          in py::PyResult<py::PyObject*> std::__invoke_impl<py::PyResult<py::PyObject*>, py::TypePrototype::create<py::PyObject>(std::basic_string_view<char, std::char_traits<char> >)::{lambda(py::PyType*)#1}&, py::PyType*>(std::__invoke_other, py::TypePrototype::create<py::PyObject>(std::basic_string_view<char, std::char_traits<char> >)::{lambda(py::PyType*)#1}&, py::PyType*&&) at /usr/lib/gcc/x86_64-linux-gnu/13/../../../../include/c++/13/bits/invoke.h:61:14
#5  (inlined)          in std::enable_if<is_invocable_r_v<py::PyResult<py::PyObject*>, py::TypePrototype::create<py::PyObject>(std::basic_string_view<char, std::char_traits<char> >)::{lambda(py::PyType*)#1}&, py::PyType*>, py::PyResult<py::PyObject*> >::type std::__invoke_r<py::PyResult<py::PyObject*>, py::TypePrototype::create<py::PyObject>(std::basic_string_view<char, std::char_traits<char> >)::{lambda(py::PyType*)#1}&, py::PyType*>(py::TypePrototype::create<py::PyObject>(std::basic_string_view<char, std::char_traits<char> >)::{lambda(py::PyType*)#1}&, py::PyType*&&) at /usr/lib/gcc/x86_64-linux-gnu/13/../../../../include/c++/13/bits/invoke.h:114:9
#6  0x00005597a25f6275 in std::_Function_handler<py::PyResult<py::PyObject*> (py::PyType*), py::TypePrototype::create<py::PyObject>(std::basic_string_view<char, std::char_traits<char> >)::{lambda(py::PyType*)#1}>::_M_invoke(std::_Any_data const&, py::PyType*&&) at /usr/lib/gcc/x86_64-linux-gnu/13/../../../../include/c++/13/bits/std_function.h:290:9
#7  (inlined)          in std::function<py::PyResult<py::PyObject*> (py::PyType*)>::operator()(py::PyType*) const at /usr/lib/gcc/x86_64-linux-gnu/13/../../../../include/c++/13/bits/std_function.h:591:9
#8  0x00005597a243d0c3 in py::PyType::heap_object_allocation(py::PyType*) at /home/lux/code/language/python-cpp/src/runtime/export/../../runtime/PyType.cpp:490:55
#9  (inlined)          in std::function<py::PyResult<py::PyObject*> (py::PyType*)>::operator()(py::PyType*) const at /usr/lib/gcc/x86_64-linux-gnu/13/../../../../include/c++/13/bits/std_function.h:591:9
#10 0x00005597a2386462 in py::PyType::call_fast_ptrs(py::PyObject**, unsigned long, py::PyDict*) at /home/lux/code/language/python-cpp/src/runtime/export/../../runtime/PyObject.cpp:1329:19
#11 0x00005597a2236b26 in rt_call_raw_ptrs(py::PyObject*, py::PyObject**, int, py::PyObject*) at /home/lux/code/language/python-cpp/src/runtime/export/rt_func.cpp:224:42
#12 0x00005597a222f1ab in test.<module>.0:0.generate_trie.70:0 at /tmp/test
#13 0x00005597a23343c1 in py::PyNativeFunction::call_fast_ptrs(py::PyObject**, unsigned long, py::PyDict*) at /home/lux/code/language/python-cpp/src/runtime/export/../../runtime/PyFunction.cpp:324:15
#14 0x00005597a2236b26 in rt_call_raw_ptrs(py::PyObject*, py::PyObject**, int, py::PyObject*) at /home/lux/code/language/python-cpp/src/runtime/export/rt_func.cpp:224:42
#15 0x00005597a222f5c6 in test.<module>.0:0.find.84:0 at /tmp/test
#16 0x00005597a23343c1 in py::PyNativeFunction::call_fast_ptrs(py::PyObject**, unsigned long, py::PyDict*) at /home/lux/code/language/python-cpp/src/runtime/export/../../runtime/PyFunction.cpp:324:15
#17 0x00005597a2236b26 in rt_call_raw_ptrs(py::PyObject*, py::PyObject**, int, py::PyObject*) at /home/lux/code/language/python-cpp/src/runtime/export/rt_func.cpp:224:42
#18 0x00005597a22309e5 in test.<module>.0:0.run_stress_test.141:0 at /tmp/test
#19 0x00005597a23343c1 in py::PyNativeFunction::call_fast_ptrs(py::PyObject**, unsigned long, py::PyDict*) at /home/lux/code/language/python-cpp/src/runtime/export/../../runtime/PyFunction.cpp:324:15
#20 0x00005597a2236b26 in rt_call_raw_ptrs(py::PyObject*, py::PyObject**, int, py::PyObject*) at /home/lux/code/language/python-cpp/src/runtime/export/rt_func.cpp:224:42
#21 0x00005597a222dc3c in PyInit_test at /tmp/test
#22 0x00005597a2230cda in main at /tmp/test
#23 0x00007ffa7362a1c9 in __libc_start_call_main at ./csu/../sysdeps/nptl/libc_start_call_main.h:58:16
#24 0x00007ffa7362a28a in __libc_start_main_impl at ./csu/../csu/libc-start.c:360:3
#25 0x00005597a222d904 in _start at /tmp/test
[:37.527]   Type: PyString             | Total:     630000
[:37.529]   Type: PyDict               | Total:    1105000
[:37.529]   Type: Type                 | Total:    1105000
[:37.534]   Type: PyDict               | Total:    1110000
[:37.535]   Type: Type                 | Total:    1110000
[:37.537]   Type: PyString             | Total:     635000
[:37.540]   Type: PyDict               | Total:    1115000
[:37.540]   Type: Type                 | Total:    1115000
[:37.546]   Type: PyDict               | Total:    1120000
[:37.546]   Type: Type                 | Total:    1120000
[:37.547]   Type: PyString             | Total:     640000
[:37.551]   Type: PyDict               | Total:    1125000
[:37.551]   Type: Type                 | Total:    1125000
[:37.557]   Type: PyDict               | Total:    1130000
[:37.557]   Type: PyString             | Total:     645000
[:37.557]   Type: Type                 | Total:    1130000
[:37.562]   Type: PyDict               | Total:    1135000
[:37.562]   Type: Type                 | Total:    1135000
[:37.566]   Type: PyString             | Total:     650000
[:37.568]   Type: PyDict               | Total:    1140000
[:37.568]   Type: Type                 | Total:    1140000
[:37.573]   Type: PyDict               | Total:    1145000
[:37.573]   Type: Type                 | Total:    1145000
[:37.576]   Type: PyString             | Total:     655000
[:37.579]   Type: PyDict               | Total:    1150000
[:37.579]   Type: Type                 | Total:    1150000
[:37.584]   Type: PyDict               | Total:    1155000
[:37.584]   Type: Type                 | Total:    1155000
[:37.586]   Type: PyString             | Total:     660000
[:37.590]   Type: PyDict               | Total:    1160000
[:37.590]   Type: Type                 | Total:    1160000
[:37.595]   Type: PyDict               | Total:    1165000
[:37.595]   Type: Type                 | Total:    1165000
[:37.596]   Type: PyString             | Total:     665000
[:37.601]   Type: PyDict               | Total:    1170000
[:37.601]   Type: Type                 | Total:    1170000
[:37.606]   Type: PyString             | Total:     670000
[:37.606]   Type: PyDict               | Total:    1175000
[:37.607]   Type: Type                 | Total:    1175000
[:37.612]   Type: PyDict               | Total:    1180000
[:37.612]   Type: Type                 | Total:    1180000
[:37.616]   Type: PyString             | Total:     675000
[:37.618]   Type: PyDict               | Total:    1185000
[:37.618]   Type: Type                 | Total:    1185000
[:37.624]   Type: PyDict               | Total:    1190000
[:37.624]   Type: Type                 | Total:    1190000
[:37.627]   Type: PyString             | Total:     680000
[:37.630]   Type: PyDict               | Total:    1195000
[:37.630]   Type: Type                 | Total:    1195000
[:37.638]  [DEBUG_ALLOC_TRACE] Type: PyDict               | Total:    1200000
Stack trace (most recent call first):
#0  0x00005597a2457ac8 in _pylang_debug_log_alloc(char const*, std::atomic<unsigned long>&) at /home/lux/code/language/python-cpp/src/runtime/export/../../runtime/compat.hpp:41:16
#1  (inlined)          in py::PyDict::create()::$_0::operator()() const at /home/lux/code/language/python-cpp/src/runtime/export/../../runtime/PyDict.cpp:79:17
#2  0x00005597a2318f06 in py::PyDict::create() at /home/lux/code/language/python-cpp/src/runtime/export/../../runtime/PyDict.cpp:79:17
#3  0x00005597a223474b in rt_build_dict(int, py::PyObject**, py::PyObject**) at /home/lux/code/language/python-cpp/src/runtime/export/rt_create.cpp:74:37
#4  0x00005597a222dd13 in test.<module>.0:0.Node.3:0.__init__.4:4 at /tmp/test
#5  0x00005597a23343c1 in py::PyNativeFunction::call_fast_ptrs(py::PyObject**, unsigned long, py::PyDict*) at /home/lux/code/language/python-cpp/src/runtime/export/../../runtime/PyFunction.cpp:324:15
#6  0x00005597a2388270 in py::PyObject::init_fast_ptrs(py::PyObject**, unsigned long, py::PyDict*) at /home/lux/code/language/python-cpp/src/runtime/export/../../runtime/PyObject.cpp:1427:32
#7  0x00005597a238677a in py::PyType::call_fast_ptrs(py::PyObject**, unsigned long, py::PyDict*) at /home/lux/code/language/python-cpp/src/runtime/export/../../runtime/PyObject.cpp:1342:26
#8  0x00005597a2236b26 in rt_call_raw_ptrs(py::PyObject*, py::PyObject**, int, py::PyObject*) at /home/lux/code/language/python-cpp/src/runtime/export/rt_func.cpp:224:42
#9  0x00005597a222f1ab in test.<module>.0:0.generate_trie.70:0 at /tmp/test
#10 0x00005597a23343c1 in py::PyNativeFunction::call_fast_ptrs(py::PyObject**, unsigned long, py::PyDict*) at /home/lux/code/language/python-cpp/src/runtime/export/../../runtime/PyFunction.cpp:324:15
#11 0x00005597a2236b26 in rt_call_raw_ptrs(py::PyObject*, py::PyObject**, int, py::PyObject*) at /home/lux/code/language/python-cpp/src/runtime/export/rt_func.cpp:224:42
#12 0x00005597a222f5c6 in test.<module>.0:0.find.84:0 at /tmp/test
#13 0x00005597a23343c1 in py::PyNativeFunction::call_fast_ptrs(py::PyObject**, unsigned long, py::PyDict*) at /home/lux/code/language/python-cpp/src/runtime/export/../../runtime/PyFunction.cpp:324:15
#14 0x00005597a2236b26 in rt_call_raw_ptrs(py::PyObject*, py::PyObject**, int, py::PyObject*) at /home/lux/code/language/python-cpp/src/runtime/export/rt_func.cpp:224:42
#15 0x00005597a22309e5 in test.<module>.0:0.run_stress_test.141:0 at /tmp/test
#16 0x00005597a23343c1 in py::PyNativeFunction::call_fast_ptrs(py::PyObject**, unsigned long, py::PyDict*) at /home/lux/code/language/python-cpp/src/runtime/export/../../runtime/PyFunction.cpp:324:15
#17 0x00005597a2236b26 in rt_call_raw_ptrs(py::PyObject*, py::PyObject**, int, py::PyObject*) at /home/lux/code/language/python-cpp/src/runtime/export/rt_func.cpp:224:42
#18 0x00005597a222dc3c in PyInit_test at /tmp/test
#19 0x00005597a2230cda in main at /tmp/test
#20 0x00007ffa7362a1c9 in __libc_start_call_main at ./csu/../sysdeps/nptl/libc_start_call_main.h:58:16
#21 0x00007ffa7362a28a in __libc_start_main_impl at ./csu/../csu/libc-start.c:360:3
#22 0x00005597a222d904 in _start at /tmp/test
[:37.640]  [DEBUG_ALLOC_TRACE] Type: Type                 | Total:    1200000
Stack trace (most recent call first):
#0  0x00005597a2457ac8 in _pylang_debug_log_alloc(char const*, std::atomic<unsigned long>&) at /home/lux/code/language/python-cpp/src/runtime/export/../../runtime/compat.hpp:41:16
#1  (inlined)          in py::TypePrototype::create<py::PyObject>(std::basic_string_view<char, std::char_traits<char> >)::{lambda(py::PyType*)#1}::operator()(py::PyType*) const::{lambda()#1}::operator()() const::{lambda()#2}::operator()() const at /home/lux/code/language/python-cpp/src/runtime/export/../../runtime/PyObject.hpp:596:12
#2  0x00005597a25f64b3 in py::TypePrototype::create<py::PyObject>(std::basic_string_view<char, std::char_traits<char> >)::{lambda(py::PyType*)#1}::operator()(py::PyType*) const::{lambda()#1}::operator()() const at /home/lux/code/language/python-cpp/src/runtime/export/../../runtime/PyObject.hpp:596:12
#3  (inlined)          in py::TypePrototype::create<py::PyObject>(std::basic_string_view<char, std::char_traits<char> >)::{lambda(py::PyType*)#1}::operator()(py::PyType*) const at /home/lux/code/language/python-cpp/src/runtime/export/../../runtime/PyObject.hpp:588:15
#4  (inlined)          in py::PyResult<py::PyObject*> std::__invoke_impl<py::PyResult<py::PyObject*>, py::TypePrototype::create<py::PyObject>(std::basic_string_view<char, std::char_traits<char> >)::{lambda(py::PyType*)#1}&, py::PyType*>(std::__invoke_other, py::TypePrototype::create<py::PyObject>(std::basic_string_view<char, std::char_traits<char> >)::{lambda(py::PyType*)#1}&, py::PyType*&&) at /usr/lib/gcc/x86_64-linux-gnu/13/../../../../include/c++/13/bits/invoke.h:61:14
#5  (inlined)          in std::enable_if<is_invocable_r_v<py::PyResult<py::PyObject*>, py::TypePrototype::create<py::PyObject>(std::basic_string_view<char, std::char_traits<char> >)::{lambda(py::PyType*)#1}&, py::PyType*>, py::PyResult<py::PyObject*> >::type std::__invoke_r<py::PyResult<py::PyObject*>, py::TypePrototype::create<py::PyObject>(std::basic_string_view<char, std::char_traits<char> >)::{lambda(py::PyType*)#1}&, py::PyType*>(py::TypePrototype::create<py::PyObject>(std::basic_string_view<char, std::char_traits<char> >)::{lambda(py::PyType*)#1}&, py::PyType*&&) at /usr/lib/gcc/x86_64-linux-gnu/13/../../../../include/c++/13/bits/invoke.h:114:9
#6  0x00005597a25f6275 in std::_Function_handler<py::PyResult<py::PyObject*> (py::PyType*), py::TypePrototype::create<py::PyObject>(std::basic_string_view<char, std::char_traits<char> >)::{lambda(py::PyType*)#1}>::_M_invoke(std::_Any_data const&, py::PyType*&&) at /usr/lib/gcc/x86_64-linux-gnu/13/../../../../include/c++/13/bits/std_function.h:290:9
#7  (inlined)          in std::function<py::PyResult<py::PyObject*> (py::PyType*)>::operator()(py::PyType*) const at /usr/lib/gcc/x86_64-linux-gnu/13/../../../../include/c++/13/bits/std_function.h:591:9
#8  0x00005597a243d0c3 in py::PyType::heap_object_allocation(py::PyType*) at /home/lux/code/language/python-cpp/src/runtime/export/../../runtime/PyType.cpp:490:55
#9  (inlined)          in std::function<py::PyResult<py::PyObject*> (py::PyType*)>::operator()(py::PyType*) const at /usr/lib/gcc/x86_64-linux-gnu/13/../../../../include/c++/13/bits/std_function.h:591:9
#10 0x00005597a2386462 in py::PyType::call_fast_ptrs(py::PyObject**, unsigned long, py::PyDict*) at /home/lux/code/language/python-cpp/src/runtime/export/../../runtime/PyObject.cpp:1329:19
#11 0x00005597a2236b26 in rt_call_raw_ptrs(py::PyObject*, py::PyObject**, int, py::PyObject*) at /home/lux/code/language/python-cpp/src/runtime/export/rt_func.cpp:224:42
#12 0x00005597a222f1ab in test.<module>.0:0.generate_trie.70:0 at /tmp/test
#13 0x00005597a23343c1 in py::PyNativeFunction::call_fast_ptrs(py::PyObject**, unsigned long, py::PyDict*) at /home/lux/code/language/python-cpp/src/runtime/export/../../runtime/PyFunction.cpp:324:15
#14 0x00005597a2236b26 in rt_call_raw_ptrs(py::PyObject*, py::PyObject**, int, py::PyObject*) at /home/lux/code/language/python-cpp/src/runtime/export/rt_func.cpp:224:42
#15 0x00005597a222f5c6 in test.<module>.0:0.find.84:0 at /tmp/test
#16 0x00005597a23343c1 in py::PyNativeFunction::call_fast_ptrs(py::PyObject**, unsigned long, py::PyDict*) at /home/lux/code/language/python-cpp/src/runtime/export/../../runtime/PyFunction.cpp:324:15
#17 0x00005597a2236b26 in rt_call_raw_ptrs(py::PyObject*, py::PyObject**, int, py::PyObject*) at /home/lux/code/language/python-cpp/src/runtime/export/rt_func.cpp:224:42
#18 0x00005597a22309e5 in test.<module>.0:0.run_stress_test.141:0 at /tmp/test
#19 0x00005597a23343c1 in py::PyNativeFunction::call_fast_ptrs(py::PyObject**, unsigned long, py::PyDict*) at /home/lux/code/language/python-cpp/src/runtime/export/../../runtime/PyFunction.cpp:324:15
#20 0x00005597a2236b26 in rt_call_raw_ptrs(py::PyObject*, py::PyObject**, int, py::PyObject*) at /home/lux/code/language/python-cpp/src/runtime/export/rt_func.cpp:224:42
#21 0x00005597a222dc3c in PyInit_test at /tmp/test
#22 0x00005597a2230cda in main at /tmp/test
#23 0x00007ffa7362a1c9 in __libc_start_call_main at ./csu/../sysdeps/nptl/libc_start_call_main.h:58:16
#24 0x00007ffa7362a28a in __libc_start_main_impl at ./csu/../csu/libc-start.c:360:3
#25 0x00005597a222d904 in _start at /tmp/test
[:37.642]   Type: PyString             | Total:     685000
[:37.646]   Type: PyDict               | Total:    1205000
[:37.646]   Type: Type                 | Total:    1205000
[:37.652]   Type: PyDict               | Total:    1210000
[:37.652]   Type: Type                 | Total:    1210000
[:37.652]   Type: PyString             | Total:     690000
[:37.657]   Type: PyDict               | Total:    1215000
[:37.658]   Type: Type                 | Total:    1215000
[:37.662]   Type: PyString             | Total:     695000
[:37.663]   Type: PyDict               | Total:    1220000
[:37.663]   Type: Type                 | Total:    1220000
[:37.669]   Type: PyDict               | Total:    1225000
[:37.669]   Type: Type                 | Total:    1225000
[:37.674]  [DEBUG_ALLOC_TRACE] Type: PyString             | Total:     700000
Stack trace (most recent call first):
#0  0x00005597a2457ac8 in _pylang_debug_log_alloc(char const*, std::atomic<unsigned long>&) at /home/lux/code/language/python-cpp/src/runtime/export/../../runtime/compat.hpp:41:16
#1  (inlined)          in py::PyString::create_raw(std::__cxx11::basic_string<char, std::char_traits<char>, std::allocator<char> >&&)::$_0::operator()() const at /home/lux/code/language/python-cpp/src/runtime/export/../../runtime/PyString.cpp:326:17
#2  0x00005597a23c6eeb in py::PyString::create_raw(std::__cxx11::basic_string<char, std::char_traits<char>, std::allocator<char> >&&) at /home/lux/code/language/python-cpp/src/runtime/export/../../runtime/PyString.cpp:326:17
#3  0x00005597a23854dc in py::PyType::call_fast_ptrs(py::PyObject**, unsigned long, py::PyDict*) at /home/lux/code/language/python-cpp/src/runtime/export/../../runtime/PyObject.cpp:1283:11
#4  0x00005597a2236b26 in rt_call_raw_ptrs(py::PyObject*, py::PyObject**, int, py::PyObject*) at /home/lux/code/language/python-cpp/src/runtime/export/rt_func.cpp:224:42
#5  0x00005597a222f070 in test.<module>.0:0.generate_trie.70:0 at /tmp/test
#6  0x00005597a23343c1 in py::PyNativeFunction::call_fast_ptrs(py::PyObject**, unsigned long, py::PyDict*) at /home/lux/code/language/python-cpp/src/runtime/export/../../runtime/PyFunction.cpp:324:15
#7  0x00005597a2236b26 in rt_call_raw_ptrs(py::PyObject*, py::PyObject**, int, py::PyObject*) at /home/lux/code/language/python-cpp/src/runtime/export/rt_func.cpp:224:42
#8  0x00005597a222f5c6 in test.<module>.0:0.find.84:0 at /tmp/test
#9  0x00005597a23343c1 in py::PyNativeFunction::call_fast_ptrs(py::PyObject**, unsigned long, py::PyDict*) at /home/lux/code/language/python-cpp/src/runtime/export/../../runtime/PyFunction.cpp:324:15
#10 0x00005597a2236b26 in rt_call_raw_ptrs(py::PyObject*, py::PyObject**, int, py::PyObject*) at /home/lux/code/language/python-cpp/src/runtime/export/rt_func.cpp:224:42
#11 0x00005597a22309e5 in test.<module>.0:0.run_stress_test.141:0 at /tmp/test
#12 0x00005597a23343c1 in py::PyNativeFunction::call_fast_ptrs(py::PyObject**, unsigned long, py::PyDict*) at /home/lux/code/language/python-cpp/src/runtime/export/../../runtime/PyFunction.cpp:324:15
#13 0x00005597a2236b26 in rt_call_raw_ptrs(py::PyObject*, py::PyObject**, int, py::PyObject*) at /home/lux/code/language/python-cpp/src/runtime/export/rt_func.cpp:224:42
#14 0x00005597a222dc3c in PyInit_test at /tmp/test
#15 0x00005597a2230cda in main at /tmp/test
#16 0x00007ffa7362a1c9 in __libc_start_call_main at ./csu/../sysdeps/nptl/libc_start_call_main.h:58:16
#17 0x00007ffa7362a28a in __libc_start_main_impl at ./csu/../csu/libc-start.c:360:3
#18 0x00005597a222d904 in _start at /tmp/test
[:37.676]   Type: PyDict               | Total:    1230000
[:37.676]   Type: Type                 | Total:    1230000
[:37.682]   Type: PyDict               | Total:    1235000
[:37.682]   Type: Type                 | Total:    1235000
[:37.684]   Type: PyString             | Total:     705000
[:37.687]   Type: PyDict               | Total:    1240000
[:37.687]   Type: Type                 | Total:    1240000
[:37.693]   Type: PyDict               | Total:    1245000
[:37.693]   Type: Type                 | Total:    1245000
[:37.694]   Type: PyString             | Total:     710000
[:37.698]   Type: PyDict               | Total:    1250000
[:37.699]   Type: Type                 | Total:    1250000
[:37.704]   Type: PyDict               | Total:    1255000
[:37.704]   Type: PyString             | Total:     715000
[:37.704]   Type: Type                 | Total:    1255000
[:37.709]   Type: PyDict               | Total:    1260000
[:37.710]   Type: Type                 | Total:    1260000
[:37.714]   Type: PyString             | Total:     720000
[:37.715]   Type: PyDict               | Total:    1265000
[:37.715]   Type: Type                 | Total:    1265000
[:37.721]   Type: PyDict               | Total:    1270000
[:37.721]   Type: Type                 | Total:    1270000
[:37.724]   Type: PyString             | Total:     725000
[:37.727]   Type: PyDict               | Total:    1275000
[:37.727]   Type: Type                 | Total:    1275000
[:37.733]   Type: PyDict               | Total:    1280000
[:37.733]   Type: Type                 | Total:    1280000
[:37.734]   Type: PyString             | Total:     730000
[:37.738]   Type: PyDict               | Total:    1285000
[:37.738]   Type: Type                 | Total:    1285000
[:37.743]   Type: PyDict               | Total:    1290000
[:37.744]   Type: Type                 | Total:    1290000
[:37.745]   Type: PyString             | Total:     735000
[:37.749]   Type: PyDict               | Total:    1295000
[:37.749]   Type: Type                 | Total:    1295000
[:37.754]   Type: PyString             | Total:     740000
[:37.756]  [DEBUG_ALLOC_TRACE] Type: PyDict               | Total:    1300000
Stack trace (most recent call first):
#0  0x00005597a2457ac8 in _pylang_debug_log_alloc(char const*, std::atomic<unsigned long>&) at /home/lux/code/language/python-cpp/src/runtime/export/../../runtime/compat.hpp:41:16
#1  (inlined)          in py::PyDict::create()::$_0::operator()() const at /home/lux/code/language/python-cpp/src/runtime/export/../../runtime/PyDict.cpp:79:17
#2  0x00005597a2318f06 in py::PyDict::create() at /home/lux/code/language/python-cpp/src/runtime/export/../../runtime/PyDict.cpp:79:17
#3  0x00005597a223474b in rt_build_dict(int, py::PyObject**, py::PyObject**) at /home/lux/code/language/python-cpp/src/runtime/export/rt_create.cpp:74:37
#4  0x00005597a222dd13 in test.<module>.0:0.Node.3:0.__init__.4:4 at /tmp/test
#5  0x00005597a23343c1 in py::PyNativeFunction::call_fast_ptrs(py::PyObject**, unsigned long, py::PyDict*) at /home/lux/code/language/python-cpp/src/runtime/export/../../runtime/PyFunction.cpp:324:15
#6  0x00005597a2388270 in py::PyObject::init_fast_ptrs(py::PyObject**, unsigned long, py::PyDict*) at /home/lux/code/language/python-cpp/src/runtime/export/../../runtime/PyObject.cpp:1427:32
#7  0x00005597a238677a in py::PyType::call_fast_ptrs(py::PyObject**, unsigned long, py::PyDict*) at /home/lux/code/language/python-cpp/src/runtime/export/../../runtime/PyObject.cpp:1342:26
#8  0x00005597a2236b26 in rt_call_raw_ptrs(py::PyObject*, py::PyObject**, int, py::PyObject*) at /home/lux/code/language/python-cpp/src/runtime/export/rt_func.cpp:224:42
#9  0x00005597a222f1ab in test.<module>.0:0.generate_trie.70:0 at /tmp/test
#10 0x00005597a23343c1 in py::PyNativeFunction::call_fast_ptrs(py::PyObject**, unsigned long, py::PyDict*) at /home/lux/code/language/python-cpp/src/runtime/export/../../runtime/PyFunction.cpp:324:15
#11 0x00005597a2236b26 in rt_call_raw_ptrs(py::PyObject*, py::PyObject**, int, py::PyObject*) at /home/lux/code/language/python-cpp/src/runtime/export/rt_func.cpp:224:42
#12 0x00005597a222f5c6 in test.<module>.0:0.find.84:0 at /tmp/test
#13 0x00005597a23343c1 in py::PyNativeFunction::call_fast_ptrs(py::PyObject**, unsigned long, py::PyDict*) at /home/lux/code/language/python-cpp/src/runtime/export/../../runtime/PyFunction.cpp:324:15
#14 0x00005597a2236b26 in rt_call_raw_ptrs(py::PyObject*, py::PyObject**, int, py::PyObject*) at /home/lux/code/language/python-cpp/src/runtime/export/rt_func.cpp:224:42
#15 0x00005597a22309e5 in test.<module>.0:0.run_stress_test.141:0 at /tmp/test
#16 0x00005597a23343c1 in py::PyNativeFunction::call_fast_ptrs(py::PyObject**, unsigned long, py::PyDict*) at /home/lux/code/language/python-cpp/src/runtime/export/../../runtime/PyFunction.cpp:324:15
#17 0x00005597a2236b26 in rt_call_raw_ptrs(py::PyObject*, py::PyObject**, int, py::PyObject*) at /home/lux/code/language/python-cpp/src/runtime/export/rt_func.cpp:224:42
#18 0x00005597a222dc3c in PyInit_test at /tmp/test
#19 0x00005597a2230cda in main at /tmp/test
#20 0x00007ffa7362a1c9 in __libc_start_call_main at ./csu/../sysdeps/nptl/libc_start_call_main.h:58:16
#21 0x00007ffa7362a28a in __libc_start_main_impl at ./csu/../csu/libc-start.c:360:3
#22 0x00005597a222d904 in _start at /tmp/test
[:37.758]  [DEBUG_ALLOC_TRACE] Type: Type                 | Total:    1300000
Stack trace (most recent call first):
#0  0x00005597a2457ac8 in _pylang_debug_log_alloc(char const*, std::atomic<unsigned long>&) at /home/lux/code/language/python-cpp/src/runtime/export/../../runtime/compat.hpp:41:16
#1  (inlined)          in py::TypePrototype::create<py::PyObject>(std::basic_string_view<char, std::char_traits<char> >)::{lambda(py::PyType*)#1}::operator()(py::PyType*) const::{lambda()#1}::operator()() const::{lambda()#2}::operator()() const at /home/lux/code/language/python-cpp/src/runtime/export/../../runtime/PyObject.hpp:596:12
#2  0x00005597a25f64b3 in py::TypePrototype::create<py::PyObject>(std::basic_string_view<char, std::char_traits<char> >)::{lambda(py::PyType*)#1}::operator()(py::PyType*) const::{lambda()#1}::operator()() const at /home/lux/code/language/python-cpp/src/runtime/export/../../runtime/PyObject.hpp:596:12
#3  (inlined)          in py::TypePrototype::create<py::PyObject>(std::basic_string_view<char, std::char_traits<char> >)::{lambda(py::PyType*)#1}::operator()(py::PyType*) const at /home/lux/code/language/python-cpp/src/runtime/export/../../runtime/PyObject.hpp:588:15
#4  (inlined)          in py::PyResult<py::PyObject*> std::__invoke_impl<py::PyResult<py::PyObject*>, py::TypePrototype::create<py::PyObject>(std::basic_string_view<char, std::char_traits<char> >)::{lambda(py::PyType*)#1}&, py::PyType*>(std::__invoke_other, py::TypePrototype::create<py::PyObject>(std::basic_string_view<char, std::char_traits<char> >)::{lambda(py::PyType*)#1}&, py::PyType*&&) at /usr/lib/gcc/x86_64-linux-gnu/13/../../../../include/c++/13/bits/invoke.h:61:14
#5  (inlined)          in std::enable_if<is_invocable_r_v<py::PyResult<py::PyObject*>, py::TypePrototype::create<py::PyObject>(std::basic_string_view<char, std::char_traits<char> >)::{lambda(py::PyType*)#1}&, py::PyType*>, py::PyResult<py::PyObject*> >::type std::__invoke_r<py::PyResult<py::PyObject*>, py::TypePrototype::create<py::PyObject>(std::basic_string_view<char, std::char_traits<char> >)::{lambda(py::PyType*)#1}&, py::PyType*>(py::TypePrototype::create<py::PyObject>(std::basic_string_view<char, std::char_traits<char> >)::{lambda(py::PyType*)#1}&, py::PyType*&&) at /usr/lib/gcc/x86_64-linux-gnu/13/../../../../include/c++/13/bits/invoke.h:114:9
#6  0x00005597a25f6275 in std::_Function_handler<py::PyResult<py::PyObject*> (py::PyType*), py::TypePrototype::create<py::PyObject>(std::basic_string_view<char, std::char_traits<char> >)::{lambda(py::PyType*)#1}>::_M_invoke(std::_Any_data const&, py::PyType*&&) at /usr/lib/gcc/x86_64-linux-gnu/13/../../../../include/c++/13/bits/std_function.h:290:9
#7  (inlined)          in std::function<py::PyResult<py::PyObject*> (py::PyType*)>::operator()(py::PyType*) const at /usr/lib/gcc/x86_64-linux-gnu/13/../../../../include/c++/13/bits/std_function.h:591:9
#8  0x00005597a243d0c3 in py::PyType::heap_object_allocation(py::PyType*) at /home/lux/code/language/python-cpp/src/runtime/export/../../runtime/PyType.cpp:490:55
#9  (inlined)          in std::function<py::PyResult<py::PyObject*> (py::PyType*)>::operator()(py::PyType*) const at /usr/lib/gcc/x86_64-linux-gnu/13/../../../../include/c++/13/bits/std_function.h:591:9
#10 0x00005597a2386462 in py::PyType::call_fast_ptrs(py::PyObject**, unsigned long, py::PyDict*) at /home/lux/code/language/python-cpp/src/runtime/export/../../runtime/PyObject.cpp:1329:19
#11 0x00005597a2236b26 in rt_call_raw_ptrs(py::PyObject*, py::PyObject**, int, py::PyObject*) at /home/lux/code/language/python-cpp/src/runtime/export/rt_func.cpp:224:42
#12 0x00005597a222f1ab in test.<module>.0:0.generate_trie.70:0 at /tmp/test
#13 0x00005597a23343c1 in py::PyNativeFunction::call_fast_ptrs(py::PyObject**, unsigned long, py::PyDict*) at /home/lux/code/language/python-cpp/src/runtime/export/../../runtime/PyFunction.cpp:324:15
#14 0x00005597a2236b26 in rt_call_raw_ptrs(py::PyObject*, py::PyObject**, int, py::PyObject*) at /home/lux/code/language/python-cpp/src/runtime/export/rt_func.cpp:224:42
#15 0x00005597a222f5c6 in test.<module>.0:0.find.84:0 at /tmp/test
#16 0x00005597a23343c1 in py::PyNativeFunction::call_fast_ptrs(py::PyObject**, unsigned long, py::PyDict*) at /home/lux/code/language/python-cpp/src/runtime/export/../../runtime/PyFunction.cpp:324:15
#17 0x00005597a2236b26 in rt_call_raw_ptrs(py::PyObject*, py::PyObject**, int, py::PyObject*) at /home/lux/code/language/python-cpp/src/runtime/export/rt_func.cpp:224:42
#18 0x00005597a22309e5 in test.<module>.0:0.run_stress_test.141:0 at /tmp/test
#19 0x00005597a23343c1 in py::PyNativeFunction::call_fast_ptrs(py::PyObject**, unsigned long, py::PyDict*) at /home/lux/code/language/python-cpp/src/runtime/export/../../runtime/PyFunction.cpp:324:15
#20 0x00005597a2236b26 in rt_call_raw_ptrs(py::PyObject*, py::PyObject**, int, py::PyObject*) at /home/lux/code/language/python-cpp/src/runtime/export/rt_func.cpp:224:42
#21 0x00005597a222dc3c in PyInit_test at /tmp/test
#22 0x00005597a2230cda in main at /tmp/test
#23 0x00007ffa7362a1c9 in __libc_start_call_main at ./csu/../sysdeps/nptl/libc_start_call_main.h:58:16
#24 0x00007ffa7362a28a in __libc_start_main_impl at ./csu/../csu/libc-start.c:360:3
#25 0x00005597a222d904 in _start at /tmp/test
[:37.763]   Type: PyDict               | Total:    1305000
[:37.763]   Type: Type                 | Total:    1305000
Trie generation complete.
Navigating to prefix node...
Link check for char: 3
Prefix node found. Terminal state of prefix node: True
Starting queue traversal. Initial queue size: 1
[:37.767]   Type: PyTuple              | Total:     325000
[:37.771]   Type: PyTuple              | Total:     330000
[:37.778]   Type: PyTuple              | Total:     335000
[:37.787]   Type: PyTuple              | Total:     340000
[:37.798]   Type: PyTuple              | Total:     345000
[:37.810]   Type: PyTuple              | Total:     350000
[:37.818]   Type: PyDictItemsIterator  | Total:     155000
[:37.825]   Type: PyTuple              | Total:     355000
[:37.842]   Type: PyTuple              | Total:     360000
[:37.860]   Type: PyTuple              | Total:     365000
[:37.881]   Type: PyTuple              | Total:     370000
[:37.904]   Type: PyTuple              | Total:     375000
[:37.928]   Type: PyTuple              | Total:     380000
[:37.937]   Type: PyDictItemsIterator  | Total:     160000
[:37.955]   Type: PyTuple              | Total:     385000
[:37.982]   Type: PyTuple              | Total:     390000
[:38.008]   Type: PyTuple              | Total:     395000
[:38.011]   Type: PyDictItemsIterator  | Total:     165000
[:38.035]  [DEBUG_ALLOC_TRACE] Type: PyTuple              | Total:     400000
Stack trace (most recent call first):
#0  0x00005597a2457ac8 in _pylang_debug_log_alloc(char const*, std::atomic<unsigned long>&) at /home/lux/code/language/python-cpp/src/runtime/export/../../runtime/compat.hpp:41:16
#1  (inlined)          in py::PyTuple::create(std::vector<py::RtValue, py::GCTracingAllocator<py::RtValue> >&&)::$_0::operator()() const at /home/lux/code/language/python-cpp/src/runtime/export/../../runtime/PyTuple.cpp:120:14
#2  0x00005597a23f6bc2 in py::PyTuple::create(std::vector<py::RtValue, py::GCTracingAllocator<py::RtValue> >&&) at /home/lux/code/language/python-cpp/src/runtime/export/../../runtime/PyTuple.cpp:120:14
#3  0x00005597a24619cd in py::PyResult<py::PyTuple*> py::PyTuple::create<py::PyObject*, py::PyObject*>(py::PyObject*&&, py::PyObject*&&) requires !(((2)==(1))&&((is_container_arg<std::remove_cvref<py::PyObject*, py::PyObject*>::type>::value||...))) at /home/lux/code/language/python-cpp/src/runtime/export/../../runtime/PyTuple.hpp:121:10
#4  0x00005597a2239d21 in rt_list_insert_0_tuple2(py::PyObject*, py::PyObject*, py::PyObject*) at /home/lux/code/language/python-cpp/src/runtime/export/rt_fused.cpp:257:15
#5  0x00005597a222fc28 in test.<module>.0:0.find.84:0 at /tmp/test
#6  0x00005597a23343c1 in py::PyNativeFunction::call_fast_ptrs(py::PyObject**, unsigned long, py::PyDict*) at /home/lux/code/language/python-cpp/src/runtime/export/../../runtime/PyFunction.cpp:324:15
#7  0x00005597a2236b26 in rt_call_raw_ptrs(py::PyObject*, py::PyObject**, int, py::PyObject*) at /home/lux/code/language/python-cpp/src/runtime/export/rt_func.cpp:224:42
#8  0x00005597a22309e5 in test.<module>.0:0.run_stress_test.141:0 at /tmp/test
#9  0x00005597a23343c1 in py::PyNativeFunction::call_fast_ptrs(py::PyObject**, unsigned long, py::PyDict*) at /home/lux/code/language/python-cpp/src/runtime/export/../../runtime/PyFunction.cpp:324:15
#10 0x00005597a2236b26 in rt_call_raw_ptrs(py::PyObject*, py::PyObject**, int, py::PyObject*) at /home/lux/code/language/python-cpp/src/runtime/export/rt_func.cpp:224:42
#11 0x00005597a222dc3c in PyInit_test at /tmp/test
#12 0x00005597a2230cda in main at /tmp/test
#13 0x00007ffa7362a1c9 in __libc_start_call_main at ./csu/../sysdeps/nptl/libc_start_call_main.h:58:16
#14 0x00007ffa7362a28a in __libc_start_main_impl at ./csu/../csu/libc-start.c:360:3
#15 0x00005597a222d904 in _start at /tmp/test
[:38.050]   Type: PyDictItemsIterator  | Total:     170000
[:38.061]   Type: PyTuple              | Total:     405000
[:38.086]   Type: PyTuple              | Total:     410000
[:38.087]   Type: PyDictItemsIterator  | Total:     175000
[:38.111]   Type: PyTuple              | Total:     415000
[:38.124]   Type: PyDictItemsIterator  | Total:     180000
[:38.138]   Type: PyTuple              | Total:     420000
[:38.168]   Type: PyTuple              | Total:     425000
[:38.168]   Type: PyDictItemsIterator  | Total:     185000
[:38.176]   Type: PyInteger            | Total:      90000
[:38.196]   Type: PyTuple              | Total:     430000
[:38.210]   Type: PyDictItemsIterator  | Total:     190000
[:38.225]   Type: PyTuple              | Total:     435000
[:38.252]   Type: PyDictItemsIterator  | Total:     195000
[:38.253]   Type: PyTuple              | Total:     440000
[:38.283]   Type: PyTuple              | Total:     445000
[:38.296]  [DEBUG_ALLOC_TRACE] Type: PyDictItemsIterator  | Total:     200000
Stack trace (most recent call first):
#0  0x00005597a2457ac8 in _pylang_debug_log_alloc(char const*, std::atomic<unsigned long>&) at /home/lux/code/language/python-cpp/src/runtime/export/../../runtime/compat.hpp:41:16
#1  (inlined)          in py::PyDictItemsIterator::create_direct(py::PyDict const&)::$_0::operator()() const at /home/lux/code/language/python-cpp/src/runtime/export/../../runtime/PyDict.cpp:865:17
#2  0x00005597a2324a0b in py::PyDictItemsIterator::create_direct(py::PyDict const&) at /home/lux/code/language/python-cpp/src/runtime/export/../../runtime/PyDict.cpp:865:17
#3  0x00005597a224593a in rt_dict_items_iter_for_loop(py::PyObject*) at /home/lux/code/language/python-cpp/src/runtime/export/rt_subscr.cpp:382:20
#4  0x00005597a222fbaa in test.<module>.0:0.find.84:0 at /tmp/test
#5  0x00005597a23343c1 in py::PyNativeFunction::call_fast_ptrs(py::PyObject**, unsigned long, py::PyDict*) at /home/lux/code/language/python-cpp/src/runtime/export/../../runtime/PyFunction.cpp:324:15
#6  0x00005597a2236b26 in rt_call_raw_ptrs(py::PyObject*, py::PyObject**, int, py::PyObject*) at /home/lux/code/language/python-cpp/src/runtime/export/rt_func.cpp:224:42
#7  0x00005597a22309e5 in test.<module>.0:0.run_stress_test.141:0 at /tmp/test
#8  0x00005597a23343c1 in py::PyNativeFunction::call_fast_ptrs(py::PyObject**, unsigned long, py::PyDict*) at /home/lux/code/language/python-cpp/src/runtime/export/../../runtime/PyFunction.cpp:324:15
#9  0x00005597a2236b26 in rt_call_raw_ptrs(py::PyObject*, py::PyObject**, int, py::PyObject*) at /home/lux/code/language/python-cpp/src/runtime/export/rt_func.cpp:224:42
#10 0x00005597a222dc3c in PyInit_test at /tmp/test
#11 0x00005597a2230cda in main at /tmp/test
#12 0x00007ffa7362a1c9 in __libc_start_call_main at ./csu/../sysdeps/nptl/libc_start_call_main.h:58:16
#13 0x00007ffa7362a28a in __libc_start_main_impl at ./csu/../csu/libc-start.c:360:3
#14 0x00005597a222d904 in _start at /tmp/test
[:38.313]   Type: PyTuple              | Total:     450000
[:38.338]   Type: PyDictItemsIterator  | Total:     205000
[:38.342]   Type: PyTuple              | Total:     455000
[:38.370]   Type: PyTuple              | Total:     460000
[:38.380]   Type: PyDictItemsIterator  | Total:     210000
[:38.400]   Type: PyTuple              | Total:     465000
[:38.422]   Type: PyDictItemsIterator  | Total:     215000
[:38.428]   Type: PyTuple              | Total:     470000
[:38.445]   Type: PyInteger            | Total:      95000
[:38.446]   Type: PyTuple              | Total:     475000
[:38.447]   Type: PyDictItemsIterator  | Total:     220000
[:38.448]   Type: PyTuple              | Total:     480000
[:38.457]  [DEBUG_ALLOC_TRACE] Type: PyInteger            | Total:     100000
Stack trace (most recent call first):
#0  0x00005597a2457ac8 in _pylang_debug_log_alloc(char const*, std::atomic<unsigned long>&) at /home/lux/code/language/python-cpp/src/runtime/export/../../runtime/compat.hpp:41:16
#1  (inlined)          in py::PyInteger::create(__gmp_expr<__mpz_struct [1], __mpz_struct [1]>)::$_0::operator()() const at /home/lux/code/language/python-cpp/src/runtime/export/../../runtime/PyInteger.cpp:50:17
#2  0x00005597a233c4eb in py::PyInteger::create(__gmp_expr<__mpz_struct [1], __mpz_struct [1]>) at /home/lux/code/language/python-cpp/src/runtime/export/../../runtime/PyInteger.cpp:50:17
#3  0x00005597a233c5f1 in py::PyInteger::create(py::PyType*, __gmp_expr<__mpz_struct [1], __mpz_struct [1]>) at /home/lux/code/language/python-cpp/src/runtime/export/../../runtime/PyInteger.cpp:57:41
#4  0x00005597a233eadf in py::PyInteger::__new__(py::PyType const*, py::PyTuple*, py::PyDict*) at /home/lux/code/language/python-cpp/src/runtime/export/../../runtime/PyInteger.cpp:129:11
#5  (inlined)          in std::function<py::PyResult<py::PyObject*> (py::PyType const*, py::PyTuple*, py::PyDict*)>::operator()(py::PyType const*, py::PyTuple*, py::PyDict*) const at /usr/lib/gcc/x86_64-linux-gnu/13/../../../../include/c++/13/bits/std_function.h:591:9
#6  0x00005597a2443a13 in py::PyType::new_(py::PyTuple*, py::PyDict*) const at /home/lux/code/language/python-cpp/src/runtime/export/../../runtime/PyType.cpp:1311:11
#7  0x00005597a2387122 in py::PyType::call_fast_ptrs(py::PyObject**, unsigned long, py::PyDict*) at /home/lux/code/language/python-cpp/src/runtime/export/../../runtime/PyObject.cpp:1374:17
#8  0x00005597a2236b26 in rt_call_raw_ptrs(py::PyObject*, py::PyObject**, int, py::PyObject*) at /home/lux/code/language/python-cpp/src/runtime/export/rt_func.cpp:224:42
#9  0x00005597a222fb54 in test.<module>.0:0.find.84:0 at /tmp/test
#10 0x00005597a23343c1 in py::PyNativeFunction::call_fast_ptrs(py::PyObject**, unsigned long, py::PyDict*) at /home/lux/code/language/python-cpp/src/runtime/export/../../runtime/PyFunction.cpp:324:15
#11 0x00005597a2236b26 in rt_call_raw_ptrs(py::PyObject*, py::PyObject**, int, py::PyObject*) at /home/lux/code/language/python-cpp/src/runtime/export/rt_func.cpp:224:42
#12 0x00005597a22309e5 in test.<module>.0:0.run_stress_test.141:0 at /tmp/test
#13 0x00005597a23343c1 in py::PyNativeFunction::call_fast_ptrs(py::PyObject**, unsigned long, py::PyDict*) at /home/lux/code/language/python-cpp/src/runtime/export/../../runtime/PyFunction.cpp:324:15
#14 0x00005597a2236b26 in rt_call_raw_ptrs(py::PyObject*, py::PyObject**, int, py::PyObject*) at /home/lux/code/language/python-cpp/src/runtime/export/rt_func.cpp:224:42
#15 0x00005597a222dc3c in PyInit_test at /tmp/test
#16 0x00005597a2230cda in main at /tmp/test
#17 0x00007ffa7362a1c9 in __libc_start_call_main at ./csu/../sysdeps/nptl/libc_start_call_main.h:58:16
#18 0x00007ffa7362a28a in __libc_start_main_impl at ./csu/../csu/libc-start.c:360:3
#19 0x00005597a222d904 in _start at /tmp/test
[:38.457]   Type: PyTuple              | Total:     485000
[:38.459]   Type: PyDictItemsIterator  | Total:     225000
[:38.460]   Type: PyTuple              | Total:     490000
[:38.462]   Type: PyInteger            | Total:     105000
[:38.463]   Type: PyTuple              | Total:     495000
[:38.464]   Type: PyDictItemsIterator  | Total:     230000
[:38.470]  [DEBUG_ALLOC_TRACE] Type: PyTuple              | Total:     500000
Stack trace (most recent call first):
#0  0x00005597a2457ac8 in _pylang_debug_log_alloc(char const*, std::atomic<unsigned long>&) at /home/lux/code/language/python-cpp/src/runtime/export/../../runtime/compat.hpp:41:16
#1  (inlined)          in py::PyTuple::create(std::vector<py::RtValue, py::GCTracingAllocator<py::RtValue> >&&)::$_0::operator()() const at /home/lux/code/language/python-cpp/src/runtime/export/../../runtime/PyTuple.cpp:120:14
#2  0x00005597a23f6bc2 in py::PyTuple::create(std::vector<py::RtValue, py::GCTracingAllocator<py::RtValue> >&&) at /home/lux/code/language/python-cpp/src/runtime/export/../../runtime/PyTuple.cpp:120:14
#3  0x00005597a23c2c3d in py::PySlotWrapper::call_fast_ptrs(py::PyObject**, unsigned long, py::PyDict*) at /home/lux/code/language/python-cpp/src/runtime/export/../../runtime/PySlotWrapper.cpp:98:12
#4  0x00005597a2388270 in py::PyObject::init_fast_ptrs(py::PyObject**, unsigned long, py::PyDict*) at /home/lux/code/language/python-cpp/src/runtime/export/../../runtime/PyObject.cpp:1427:32
#5  0x00005597a238723d in py::PyType::call_fast_ptrs(py::PyObject**, unsigned long, py::PyDict*) at /home/lux/code/language/python-cpp/src/runtime/export/../../runtime/PyObject.cpp:1380:24
#6  0x00005597a2236b26 in rt_call_raw_ptrs(py::PyObject*, py::PyObject**, int, py::PyObject*) at /home/lux/code/language/python-cpp/src/runtime/export/rt_func.cpp:224:42
#7  0x00005597a222fb54 in test.<module>.0:0.find.84:0 at /tmp/test
#8  0x00005597a23343c1 in py::PyNativeFunction::call_fast_ptrs(py::PyObject**, unsigned long, py::PyDict*) at /home/lux/code/language/python-cpp/src/runtime/export/../../runtime/PyFunction.cpp:324:15
#9  0x00005597a2236b26 in rt_call_raw_ptrs(py::PyObject*, py::PyObject**, int, py::PyObject*) at /home/lux/code/language/python-cpp/src/runtime/export/rt_func.cpp:224:42
#10 0x00005597a22309e5 in test.<module>.0:0.run_stress_test.141:0 at /tmp/test
#11 0x00005597a23343c1 in py::PyNativeFunction::call_fast_ptrs(py::PyObject**, unsigned long, py::PyDict*) at /home/lux/code/language/python-cpp/src/runtime/export/../../runtime/PyFunction.cpp:324:15
#12 0x00005597a2236b26 in rt_call_raw_ptrs(py::PyObject*, py::PyObject**, int, py::PyObject*) at /home/lux/code/language/python-cpp/src/runtime/export/rt_func.cpp:224:42
#13 0x00005597a222dc3c in PyInit_test at /tmp/test
#14 0x00005597a2230cda in main at /tmp/test
#15 0x00007ffa7362a1c9 in __libc_start_call_main at ./csu/../sysdeps/nptl/libc_start_call_main.h:58:16
#16 0x00007ffa7362a28a in __libc_start_main_impl at ./csu/../csu/libc-start.c:360:3
#17 0x00005597a222d904 in _start at /tmp/test
[:38.472]   Type: PyInteger            | Total:     110000
[:38.473]   Type: PyTuple              | Total:     505000
[:38.474]   Type: PyDictItemsIterator  | Total:     235000
[:38.476]   Type: PyTuple              | Total:     510000
[:38.478]   Type: PyInteger            | Total:     115000
[:38.479]   Type: PyTuple              | Total:     515000
[:38.480]   Type: PyDictItemsIterator  | Total:     240000
[:38.482]   Type: PyTuple              | Total:     520000
[:38.484]   Type: PyInteger            | Total:     120000
[:38.484]   Type: PyTuple              | Total:     525000
[:38.486]   Type: PyDictItemsIterator  | Total:     245000
[:38.487]   Type: PyTuple              | Total:     530000
[:38.489]   Type: PyInteger            | Total:     125000
[:38.490]   Type: PyTuple              | Total:     535000
[:38.492]   Type: PyDictItemsIterator  | Total:     250000
[:38.493]   Type: PyTuple              | Total:     540000
[:38.496]   Type: PyInteger            | Total:     130000
[:38.496]   Type: PyTuple              | Total:     545000
[:38.498]   Type: PyDictItemsIterator  | Total:     255000
[:38.499]   Type: PyTuple              | Total:     550000
[:38.501]   Type: PyInteger            | Total:     135000
[:38.502]   Type: PyTuple              | Total:     555000
[:38.503]   Type: PyDictItemsIterator  | Total:     260000
[:38.505]   Type: PyTuple              | Total:     560000
[:38.507]   Type: PyInteger            | Total:     140000
[:38.507]   Type: PyTuple              | Total:     565000
[:38.509]   Type: PyDictItemsIterator  | Total:     265000
[:38.510]   Type: PyTuple              | Total:     570000
[:38.512]   Type: PyInteger            | Total:     145000
[:38.513]   Type: PyTuple              | Total:     575000
[:38.514]   Type: PyDictItemsIterator  | Total:     270000
[:38.515]   Type: PyTuple              | Total:     580000
[:38.517]   Type: PyInteger            | Total:     150000
[:38.518]   Type: PyTuple              | Total:     585000
[:38.519]   Type: PyDictItemsIterator  | Total:     275000
[:38.521]   Type: PyTuple              | Total:     590000
[:38.523]   Type: PyInteger            | Total:     155000
[:38.524]   Type: PyTuple              | Total:     595000
[:38.525]   Type: PyDictItemsIterator  | Total:     280000
[:38.527]  [DEBUG_ALLOC_TRACE] Type: PyTuple              | Total:     600000
Stack trace (most recent call first):
#0  0x00005597a2457ac8 in _pylang_debug_log_alloc(char const*, std::atomic<unsigned long>&) at /home/lux/code/language/python-cpp/src/runtime/export/../../runtime/compat.hpp:41:16
#1  (inlined)          in py::PyTuple::create(std::vector<py::RtValue, py::GCTracingAllocator<py::RtValue> >&&)::$_0::operator()() const at /home/lux/code/language/python-cpp/src/runtime/export/../../runtime/PyTuple.cpp:120:14
#2  0x00005597a23f6bc2 in py::PyTuple::create(std::vector<py::RtValue, py::GCTracingAllocator<py::RtValue> >&&) at /home/lux/code/language/python-cpp/src/runtime/export/../../runtime/PyTuple.cpp:120:14
#3  0x00005597a23c2c3d in py::PySlotWrapper::call_fast_ptrs(py::PyObject**, unsigned long, py::PyDict*) at /home/lux/code/language/python-cpp/src/runtime/export/../../runtime/PySlotWrapper.cpp:98:12
#4  0x00005597a2388270 in py::PyObject::init_fast_ptrs(py::PyObject**, unsigned long, py::PyDict*) at /home/lux/code/language/python-cpp/src/runtime/export/../../runtime/PyObject.cpp:1427:32
#5  0x00005597a238723d in py::PyType::call_fast_ptrs(py::PyObject**, unsigned long, py::PyDict*) at /home/lux/code/language/python-cpp/src/runtime/export/../../runtime/PyObject.cpp:1380:24
#6  0x00005597a2236b26 in rt_call_raw_ptrs(py::PyObject*, py::PyObject**, int, py::PyObject*) at /home/lux/code/language/python-cpp/src/runtime/export/rt_func.cpp:224:42
#7  0x00005597a222fb54 in test.<module>.0:0.find.84:0 at /tmp/test
#8  0x00005597a23343c1 in py::PyNativeFunction::call_fast_ptrs(py::PyObject**, unsigned long, py::PyDict*) at /home/lux/code/language/python-cpp/src/runtime/export/../../runtime/PyFunction.cpp:324:15
#9  0x00005597a2236b26 in rt_call_raw_ptrs(py::PyObject*, py::PyObject**, int, py::PyObject*) at /home/lux/code/language/python-cpp/src/runtime/export/rt_func.cpp:224:42
#10 0x00005597a22309e5 in test.<module>.0:0.run_stress_test.141:0 at /tmp/test
#11 0x00005597a23343c1 in py::PyNativeFunction::call_fast_ptrs(py::PyObject**, unsigned long, py::PyDict*) at /home/lux/code/language/python-cpp/src/runtime/export/../../runtime/PyFunction.cpp:324:15
#12 0x00005597a2236b26 in rt_call_raw_ptrs(py::PyObject*, py::PyObject**, int, py::PyObject*) at /home/lux/code/language/python-cpp/src/runtime/export/rt_func.cpp:224:42
#13 0x00005597a222dc3c in PyInit_test at /tmp/test
#14 0x00005597a2230cda in main at /tmp/test
#15 0x00007ffa7362a1c9 in __libc_start_call_main at ./csu/../sysdeps/nptl/libc_start_call_main.h:58:16
#16 0x00007ffa7362a28a in __libc_start_main_impl at ./csu/../csu/libc-start.c:360:3
#17 0x00005597a222d904 in _start at /tmp/test
[:38.530]   Type: PyInteger            | Total:     160000
[:38.531]   Type: PyTuple              | Total:     605000
Find completed. Results count: 75290
>> Stress Test Output | Bound: 5000000 | Prefix: 3 | Match Count: 75290
Testing with prefix: 32 at max bound: 5000000
Sieve initialized with limit: 5000000
Starting sieve calculation...
Processing loop_x, x = 500
Processing loop_x, x = 1000
Processing loop_x, x = 1500
Processing loop_x, x = 2000
Sieve loops finished, omitting squares...
Searching for prefix: 32
Total primes found: 348513
Generating trie for primes, list size: 348513
[:39.705]   Type: PyString             | Total:     745000
[:39.706]   Type: PyDict               | Total:    1310000
[:39.706]   Type: Type                 | Total:    1310000
[:39.711]   Type: PyDict               | Total:    1315000
[:39.711]   Type: Type                 | Total:    1315000
[:39.712]   Type: PyString             | Total:     750000
[:39.715]   Type: PyDict               | Total:    1320000
[:39.716]   Type: Type                 | Total:    1320000
[:39.721]   Type: PyString             | Total:     755000
[:39.721]   Type: PyDict               | Total:    1325000
[:39.721]   Type: Type                 | Total:    1325000
[:39.726]   Type: PyDict               | Total:    1330000
[:39.726]   Type: Type                 | Total:    1330000
[:39.730]   Type: PyString             | Total:     760000
[:39.732]   Type: PyDict               | Total:    1335000
[:39.732]   Type: Type                 | Total:    1335000
[:39.737]   Type: PyDict               | Total:    1340000
[:39.738]   Type: Type                 | Total:    1340000
[:39.740]   Type: PyString             | Total:     765000
[:39.743]   Type: PyDict               | Total:    1345000
[:39.743]   Type: Type                 | Total:    1345000
[:39.749]   Type: PyDict               | Total:    1350000
[:39.749]   Type: Type                 | Total:    1350000
[:39.749]   Type: PyString             | Total:     770000
[:39.754]   Type: PyDict               | Total:    1355000
[:39.755]   Type: Type                 | Total:    1355000
[:39.759]   Type: PyString             | Total:     775000
[:39.760]   Type: PyDict               | Total:    1360000
[:39.760]   Type: Type                 | Total:    1360000
[:39.765]   Type: PyDict               | Total:    1365000
[:39.766]   Type: Type                 | Total:    1365000
[:39.768]   Type: PyString             | Total:     780000
[:39.771]   Type: PyDict               | Total:    1370000
[:39.771]   Type: Type                 | Total:    1370000
[:39.776]   Type: PyDict               | Total:    1375000
[:39.777]   Type: Type                 | Total:    1375000
[:39.778]   Type: PyString             | Total:     785000
[:39.782]   Type: PyDict               | Total:    1380000
[:39.782]   Type: Type                 | Total:    1380000
[:39.787]   Type: PyString             | Total:     790000
[:39.787]   Type: PyDict               | Total:    1385000
[:39.787]   Type: Type                 | Total:    1385000
[:39.794]   Type: PyDict               | Total:    1390000
[:39.794]   Type: Type                 | Total:    1390000
[:39.798]   Type: PyString             | Total:     795000
[:39.799]   Type: PyDict               | Total:    1395000
[:39.800]   Type: Type                 | Total:    1395000
[:39.807]  [DEBUG_ALLOC_TRACE] Type: PyDict               | Total:    1400000
Stack trace (most recent call first):
#0  0x00005597a2457ac8 in _pylang_debug_log_alloc(char const*, std::atomic<unsigned long>&) at /home/lux/code/language/python-cpp/src/runtime/export/../../runtime/compat.hpp:41:16
#1  (inlined)          in py::PyDict::create()::$_0::operator()() const at /home/lux/code/language/python-cpp/src/runtime/export/../../runtime/PyDict.cpp:79:17
#2  0x00005597a2318f06 in py::PyDict::create() at /home/lux/code/language/python-cpp/src/runtime/export/../../runtime/PyDict.cpp:79:17
#3  0x00005597a223474b in rt_build_dict(int, py::PyObject**, py::PyObject**) at /home/lux/code/language/python-cpp/src/runtime/export/rt_create.cpp:74:37
#4  0x00005597a222dd13 in test.<module>.0:0.Node.3:0.__init__.4:4 at /tmp/test
#5  0x00005597a23343c1 in py::PyNativeFunction::call_fast_ptrs(py::PyObject**, unsigned long, py::PyDict*) at /home/lux/code/language/python-cpp/src/runtime/export/../../runtime/PyFunction.cpp:324:15
#6  0x00005597a2388270 in py::PyObject::init_fast_ptrs(py::PyObject**, unsigned long, py::PyDict*) at /home/lux/code/language/python-cpp/src/runtime/export/../../runtime/PyObject.cpp:1427:32
#7  0x00005597a238677a in py::PyType::call_fast_ptrs(py::PyObject**, unsigned long, py::PyDict*) at /home/lux/code/language/python-cpp/src/runtime/export/../../runtime/PyObject.cpp:1342:26
#8  0x00005597a2236b26 in rt_call_raw_ptrs(py::PyObject*, py::PyObject**, int, py::PyObject*) at /home/lux/code/language/python-cpp/src/runtime/export/rt_func.cpp:224:42
#9  0x00005597a222f1ab in test.<module>.0:0.generate_trie.70:0 at /tmp/test
#10 0x00005597a23343c1 in py::PyNativeFunction::call_fast_ptrs(py::PyObject**, unsigned long, py::PyDict*) at /home/lux/code/language/python-cpp/src/runtime/export/../../runtime/PyFunction.cpp:324:15
#11 0x00005597a2236b26 in rt_call_raw_ptrs(py::PyObject*, py::PyObject**, int, py::PyObject*) at /home/lux/code/language/python-cpp/src/runtime/export/rt_func.cpp:224:42
#12 0x00005597a222f5c6 in test.<module>.0:0.find.84:0 at /tmp/test
#13 0x00005597a23343c1 in py::PyNativeFunction::call_fast_ptrs(py::PyObject**, unsigned long, py::PyDict*) at /home/lux/code/language/python-cpp/src/runtime/export/../../runtime/PyFunction.cpp:324:15
#14 0x00005597a2236b26 in rt_call_raw_ptrs(py::PyObject*, py::PyObject**, int, py::PyObject*) at /home/lux/code/language/python-cpp/src/runtime/export/rt_func.cpp:224:42
#15 0x00005597a22309e5 in test.<module>.0:0.run_stress_test.141:0 at /tmp/test
#16 0x00005597a23343c1 in py::PyNativeFunction::call_fast_ptrs(py::PyObject**, unsigned long, py::PyDict*) at /home/lux/code/language/python-cpp/src/runtime/export/../../runtime/PyFunction.cpp:324:15
#17 0x00005597a2236b26 in rt_call_raw_ptrs(py::PyObject*, py::PyObject**, int, py::PyObject*) at /home/lux/code/language/python-cpp/src/runtime/export/rt_func.cpp:224:42
#18 0x00005597a222dc3c in PyInit_test at /tmp/test
#19 0x00005597a2230cda in main at /tmp/test
#20 0x00007ffa7362a1c9 in __libc_start_call_main at ./csu/../sysdeps/nptl/libc_start_call_main.h:58:16
#21 0x00007ffa7362a28a in __libc_start_main_impl at ./csu/../csu/libc-start.c:360:3
#22 0x00005597a222d904 in _start at /tmp/test
[:39.808]  [DEBUG_ALLOC_TRACE] Type: Type                 | Total:    1400000
Stack trace (most recent call first):
#0  0x00005597a2457ac8 in _pylang_debug_log_alloc(char const*, std::atomic<unsigned long>&) at /home/lux/code/language/python-cpp/src/runtime/export/../../runtime/compat.hpp:41:16
#1  (inlined)          in py::TypePrototype::create<py::PyObject>(std::basic_string_view<char, std::char_traits<char> >)::{lambda(py::PyType*)#1}::operator()(py::PyType*) const::{lambda()#1}::operator()() const::{lambda()#2}::operator()() const at /home/lux/code/language/python-cpp/src/runtime/export/../../runtime/PyObject.hpp:596:12
#2  0x00005597a25f64b3 in py::TypePrototype::create<py::PyObject>(std::basic_string_view<char, std::char_traits<char> >)::{lambda(py::PyType*)#1}::operator()(py::PyType*) const::{lambda()#1}::operator()() const at /home/lux/code/language/python-cpp/src/runtime/export/../../runtime/PyObject.hpp:596:12
#3  (inlined)          in py::TypePrototype::create<py::PyObject>(std::basic_string_view<char, std::char_traits<char> >)::{lambda(py::PyType*)#1}::operator()(py::PyType*) const at /home/lux/code/language/python-cpp/src/runtime/export/../../runtime/PyObject.hpp:588:15
#4  (inlined)          in py::PyResult<py::PyObject*> std::__invoke_impl<py::PyResult<py::PyObject*>, py::TypePrototype::create<py::PyObject>(std::basic_string_view<char, std::char_traits<char> >)::{lambda(py::PyType*)#1}&, py::PyType*>(std::__invoke_other, py::TypePrototype::create<py::PyObject>(std::basic_string_view<char, std::char_traits<char> >)::{lambda(py::PyType*)#1}&, py::PyType*&&) at /usr/lib/gcc/x86_64-linux-gnu/13/../../../../include/c++/13/bits/invoke.h:61:14
#5  (inlined)          in std::enable_if<is_invocable_r_v<py::PyResult<py::PyObject*>, py::TypePrototype::create<py::PyObject>(std::basic_string_view<char, std::char_traits<char> >)::{lambda(py::PyType*)#1}&, py::PyType*>, py::PyResult<py::PyObject*> >::type std::__invoke_r<py::PyResult<py::PyObject*>, py::TypePrototype::create<py::PyObject>(std::basic_string_view<char, std::char_traits<char> >)::{lambda(py::PyType*)#1}&, py::PyType*>(py::TypePrototype::create<py::PyObject>(std::basic_string_view<char, std::char_traits<char> >)::{lambda(py::PyType*)#1}&, py::PyType*&&) at /usr/lib/gcc/x86_64-linux-gnu/13/../../../../include/c++/13/bits/invoke.h:114:9
#6  0x00005597a25f6275 in std::_Function_handler<py::PyResult<py::PyObject*> (py::PyType*), py::TypePrototype::create<py::PyObject>(std::basic_string_view<char, std::char_traits<char> >)::{lambda(py::PyType*)#1}>::_M_invoke(std::_Any_data const&, py::PyType*&&) at /usr/lib/gcc/x86_64-linux-gnu/13/../../../../include/c++/13/bits/std_function.h:290:9
#7  (inlined)          in std::function<py::PyResult<py::PyObject*> (py::PyType*)>::operator()(py::PyType*) const at /usr/lib/gcc/x86_64-linux-gnu/13/../../../../include/c++/13/bits/std_function.h:591:9
#8  0x00005597a243d0c3 in py::PyType::heap_object_allocation(py::PyType*) at /home/lux/code/language/python-cpp/src/runtime/export/../../runtime/PyType.cpp:490:55
#9  (inlined)          in std::function<py::PyResult<py::PyObject*> (py::PyType*)>::operator()(py::PyType*) const at /usr/lib/gcc/x86_64-linux-gnu/13/../../../../include/c++/13/bits/std_function.h:591:9
#10 0x00005597a2386462 in py::PyType::call_fast_ptrs(py::PyObject**, unsigned long, py::PyDict*) at /home/lux/code/language/python-cpp/src/runtime/export/../../runtime/PyObject.cpp:1329:19
#11 0x00005597a2236b26 in rt_call_raw_ptrs(py::PyObject*, py::PyObject**, int, py::PyObject*) at /home/lux/code/language/python-cpp/src/runtime/export/rt_func.cpp:224:42
#12 0x00005597a222f1ab in test.<module>.0:0.generate_trie.70:0 at /tmp/test
#13 0x00005597a23343c1 in py::PyNativeFunction::call_fast_ptrs(py::PyObject**, unsigned long, py::PyDict*) at /home/lux/code/language/python-cpp/src/runtime/export/../../runtime/PyFunction.cpp:324:15
#14 0x00005597a2236b26 in rt_call_raw_ptrs(py::PyObject*, py::PyObject**, int, py::PyObject*) at /home/lux/code/language/python-cpp/src/runtime/export/rt_func.cpp:224:42
#15 0x00005597a222f5c6 in test.<module>.0:0.find.84:0 at /tmp/test
#16 0x00005597a23343c1 in py::PyNativeFunction::call_fast_ptrs(py::PyObject**, unsigned long, py::PyDict*) at /home/lux/code/language/python-cpp/src/runtime/export/../../runtime/PyFunction.cpp:324:15
#17 0x00005597a2236b26 in rt_call_raw_ptrs(py::PyObject*, py::PyObject**, int, py::PyObject*) at /home/lux/code/language/python-cpp/src/runtime/export/rt_func.cpp:224:42
#18 0x00005597a22309e5 in test.<module>.0:0.run_stress_test.141:0 at /tmp/test
#19 0x00005597a23343c1 in py::PyNativeFunction::call_fast_ptrs(py::PyObject**, unsigned long, py::PyDict*) at /home/lux/code/language/python-cpp/src/runtime/export/../../runtime/PyFunction.cpp:324:15
#20 0x00005597a2236b26 in rt_call_raw_ptrs(py::PyObject*, py::PyObject**, int, py::PyObject*) at /home/lux/code/language/python-cpp/src/runtime/export/rt_func.cpp:224:42
#21 0x00005597a222dc3c in PyInit_test at /tmp/test
#22 0x00005597a2230cda in main at /tmp/test
#23 0x00007ffa7362a1c9 in __libc_start_call_main at ./csu/../sysdeps/nptl/libc_start_call_main.h:58:16
#24 0x00007ffa7362a28a in __libc_start_main_impl at ./csu/../csu/libc-start.c:360:3
#25 0x00005597a222d904 in _start at /tmp/test
[:39.812]  [DEBUG_ALLOC_TRACE] Type: PyString             | Total:     800000
Stack trace (most recent call first):
#0  0x00005597a2457ac8 in _pylang_debug_log_alloc(char const*, std::atomic<unsigned long>&) at /home/lux/code/language/python-cpp/src/runtime/export/../../runtime/compat.hpp:41:16
#1  (inlined)          in py::PyString::create_raw(std::__cxx11::basic_string<char, std::char_traits<char>, std::allocator<char> >&&)::$_0::operator()() const at /home/lux/code/language/python-cpp/src/runtime/export/../../runtime/PyString.cpp:326:17
#2  0x00005597a23c6eeb in py::PyString::create_raw(std::__cxx11::basic_string<char, std::char_traits<char>, std::allocator<char> >&&) at /home/lux/code/language/python-cpp/src/runtime/export/../../runtime/PyString.cpp:326:17
#3  0x00005597a23854dc in py::PyType::call_fast_ptrs(py::PyObject**, unsigned long, py::PyDict*) at /home/lux/code/language/python-cpp/src/runtime/export/../../runtime/PyObject.cpp:1283:11
#4  0x00005597a2236b26 in rt_call_raw_ptrs(py::PyObject*, py::PyObject**, int, py::PyObject*) at /home/lux/code/language/python-cpp/src/runtime/export/rt_func.cpp:224:42
#5  0x00005597a222f070 in test.<module>.0:0.generate_trie.70:0 at /tmp/test
#6  0x00005597a23343c1 in py::PyNativeFunction::call_fast_ptrs(py::PyObject**, unsigned long, py::PyDict*) at /home/lux/code/language/python-cpp/src/runtime/export/../../runtime/PyFunction.cpp:324:15
#7  0x00005597a2236b26 in rt_call_raw_ptrs(py::PyObject*, py::PyObject**, int, py::PyObject*) at /home/lux/code/language/python-cpp/src/runtime/export/rt_func.cpp:224:42
#8  0x00005597a222f5c6 in test.<module>.0:0.find.84:0 at /tmp/test
#9  0x00005597a23343c1 in py::PyNativeFunction::call_fast_ptrs(py::PyObject**, unsigned long, py::PyDict*) at /home/lux/code/language/python-cpp/src/runtime/export/../../runtime/PyFunction.cpp:324:15
#10 0x00005597a2236b26 in rt_call_raw_ptrs(py::PyObject*, py::PyObject**, int, py::PyObject*) at /home/lux/code/language/python-cpp/src/runtime/export/rt_func.cpp:224:42
#11 0x00005597a22309e5 in test.<module>.0:0.run_stress_test.141:0 at /tmp/test
#12 0x00005597a23343c1 in py::PyNativeFunction::call_fast_ptrs(py::PyObject**, unsigned long, py::PyDict*) at /home/lux/code/language/python-cpp/src/runtime/export/../../runtime/PyFunction.cpp:324:15
#13 0x00005597a2236b26 in rt_call_raw_ptrs(py::PyObject*, py::PyObject**, int, py::PyObject*) at /home/lux/code/language/python-cpp/src/runtime/export/rt_func.cpp:224:42
#14 0x00005597a222dc3c in PyInit_test at /tmp/test
#15 0x00005597a2230cda in main at /tmp/test
#16 0x00007ffa7362a1c9 in __libc_start_call_main at ./csu/../sysdeps/nptl/libc_start_call_main.h:58:16
#17 0x00007ffa7362a28a in __libc_start_main_impl at ./csu/../csu/libc-start.c:360:3
#18 0x00005597a222d904 in _start at /tmp/test
[:39.815]   Type: PyDict               | Total:    1405000
[:39.815]   Type: Type                 | Total:    1405000
[:39.820]   Type: PyDict               | Total:    1410000
[:39.821]   Type: Type                 | Total:    1410000
[:39.822]   Type: PyString             | Total:     805000
[:39.826]   Type: PyDict               | Total:    1415000
[:39.826]   Type: Type                 | Total:    1415000
[:39.831]   Type: PyString             | Total:     810000
[:39.831]   Type: PyDict               | Total:    1420000
[:39.832]   Type: Type                 | Total:    1420000
[:39.837]   Type: PyDict               | Total:    1425000
[:39.837]   Type: Type                 | Total:    1425000
[:39.841]   Type: PyString             | Total:     815000
[:39.842]   Type: PyDict               | Total:    1430000
[:39.843]   Type: Type                 | Total:    1430000
[:39.848]   Type: PyDict               | Total:    1435000
[:39.848]   Type: Type                 | Total:    1435000
[:39.850]   Type: PyString             | Total:     820000
[:39.853]   Type: PyDict               | Total:    1440000
[:39.854]   Type: Type                 | Total:    1440000
[:39.859]   Type: PyDict               | Total:    1445000
[:39.859]   Type: Type                 | Total:    1445000
[:39.860]   Type: PyString             | Total:     825000
[:39.865]   Type: PyDict               | Total:    1450000
[:39.865]   Type: Type                 | Total:    1450000
[:39.871]   Type: PyString             | Total:     830000
[:39.871]   Type: PyDict               | Total:    1455000
[:39.871]   Type: Type                 | Total:    1455000
[:39.877]   Type: PyDict               | Total:    1460000
[:39.877]   Type: Type                 | Total:    1460000
[:39.881]   Type: PyString             | Total:     835000
[:39.883]   Type: PyDict               | Total:    1465000
[:39.883]   Type: Type                 | Total:    1465000
[:39.889]   Type: PyDict               | Total:    1470000
[:39.890]   Type: Type                 | Total:    1470000
[:39.892]   Type: PyString             | Total:     840000
[:39.895]   Type: PyDict               | Total:    1475000
[:39.896]   Type: Type                 | Total:    1475000
[:39.901]   Type: PyDict               | Total:    1480000
[:39.901]   Type: Type                 | Total:    1480000
[:39.902]   Type: PyString             | Total:     845000
[:39.907]   Type: PyDict               | Total:    1485000
[:39.907]   Type: Type                 | Total:    1485000
[:39.912]   Type: PyString             | Total:     850000
[:39.913]   Type: PyDict               | Total:    1490000
[:39.913]   Type: Type                 | Total:    1490000
[:39.918]   Type: PyDict               | Total:    1495000
[:39.918]   Type: Type                 | Total:    1495000
[:39.922]   Type: PyString             | Total:     855000
[:39.926]  [DEBUG_ALLOC_TRACE] Type: PyDict               | Total:    1500000
Stack trace (most recent call first):
#0  0x00005597a2457ac8 in _pylang_debug_log_alloc(char const*, std::atomic<unsigned long>&) at /home/lux/code/language/python-cpp/src/runtime/export/../../runtime/compat.hpp:41:16
#1  (inlined)          in py::PyDict::create()::$_0::operator()() const at /home/lux/code/language/python-cpp/src/runtime/export/../../runtime/PyDict.cpp:79:17
#2  0x00005597a2318f06 in py::PyDict::create() at /home/lux/code/language/python-cpp/src/runtime/export/../../runtime/PyDict.cpp:79:17
#3  0x00005597a223474b in rt_build_dict(int, py::PyObject**, py::PyObject**) at /home/lux/code/language/python-cpp/src/runtime/export/rt_create.cpp:74:37
#4  0x00005597a222dd13 in test.<module>.0:0.Node.3:0.__init__.4:4 at /tmp/test
#5  0x00005597a23343c1 in py::PyNativeFunction::call_fast_ptrs(py::PyObject**, unsigned long, py::PyDict*) at /home/lux/code/language/python-cpp/src/runtime/export/../../runtime/PyFunction.cpp:324:15
#6  0x00005597a2388270 in py::PyObject::init_fast_ptrs(py::PyObject**, unsigned long, py::PyDict*) at /home/lux/code/language/python-cpp/src/runtime/export/../../runtime/PyObject.cpp:1427:32
#7  0x00005597a238677a in py::PyType::call_fast_ptrs(py::PyObject**, unsigned long, py::PyDict*) at /home/lux/code/language/python-cpp/src/runtime/export/../../runtime/PyObject.cpp:1342:26
#8  0x00005597a2236b26 in rt_call_raw_ptrs(py::PyObject*, py::PyObject**, int, py::PyObject*) at /home/lux/code/language/python-cpp/src/runtime/export/rt_func.cpp:224:42
#9  0x00005597a222f1ab in test.<module>.0:0.generate_trie.70:0 at /tmp/test
#10 0x00005597a23343c1 in py::PyNativeFunction::call_fast_ptrs(py::PyObject**, unsigned long, py::PyDict*) at /home/lux/code/language/python-cpp/src/runtime/export/../../runtime/PyFunction.cpp:324:15
#11 0x00005597a2236b26 in rt_call_raw_ptrs(py::PyObject*, py::PyObject**, int, py::PyObject*) at /home/lux/code/language/python-cpp/src/runtime/export/rt_func.cpp:224:42
#12 0x00005597a222f5c6 in test.<module>.0:0.find.84:0 at /tmp/test
#13 0x00005597a23343c1 in py::PyNativeFunction::call_fast_ptrs(py::PyObject**, unsigned long, py::PyDict*) at /home/lux/code/language/python-cpp/src/runtime/export/../../runtime/PyFunction.cpp:324:15
#14 0x00005597a2236b26 in rt_call_raw_ptrs(py::PyObject*, py::PyObject**, int, py::PyObject*) at /home/lux/code/language/python-cpp/src/runtime/export/rt_func.cpp:224:42
#15 0x00005597a22309e5 in test.<module>.0:0.run_stress_test.141:0 at /tmp/test
#16 0x00005597a23343c1 in py::PyNativeFunction::call_fast_ptrs(py::PyObject**, unsigned long, py::PyDict*) at /home/lux/code/language/python-cpp/src/runtime/export/../../runtime/PyFunction.cpp:324:15
#17 0x00005597a2236b26 in rt_call_raw_ptrs(py::PyObject*, py::PyObject**, int, py::PyObject*) at /home/lux/code/language/python-cpp/src/runtime/export/rt_func.cpp:224:42
#18 0x00005597a222dc3c in PyInit_test at /tmp/test
#19 0x00005597a2230cda in main at /tmp/test
#20 0x00007ffa7362a1c9 in __libc_start_call_main at ./csu/../sysdeps/nptl/libc_start_call_main.h:58:16
#21 0x00007ffa7362a28a in __libc_start_main_impl at ./csu/../csu/libc-start.c:360:3
#22 0x00005597a222d904 in _start at /tmp/test
[:39.927]  [DEBUG_ALLOC_TRACE] Type: Type                 | Total:    1500000
Stack trace (most recent call first):
#0  0x00005597a2457ac8 in _pylang_debug_log_alloc(char const*, std::atomic<unsigned long>&) at /home/lux/code/language/python-cpp/src/runtime/export/../../runtime/compat.hpp:41:16
#1  (inlined)          in py::TypePrototype::create<py::PyObject>(std::basic_string_view<char, std::char_traits<char> >)::{lambda(py::PyType*)#1}::operator()(py::PyType*) const::{lambda()#1}::operator()() const::{lambda()#2}::operator()() const at /home/lux/code/language/python-cpp/src/runtime/export/../../runtime/PyObject.hpp:596:12
#2  0x00005597a25f64b3 in py::TypePrototype::create<py::PyObject>(std::basic_string_view<char, std::char_traits<char> >)::{lambda(py::PyType*)#1}::operator()(py::PyType*) const::{lambda()#1}::operator()() const at /home/lux/code/language/python-cpp/src/runtime/export/../../runtime/PyObject.hpp:596:12
#3  (inlined)          in py::TypePrototype::create<py::PyObject>(std::basic_string_view<char, std::char_traits<char> >)::{lambda(py::PyType*)#1}::operator()(py::PyType*) const at /home/lux/code/language/python-cpp/src/runtime/export/../../runtime/PyObject.hpp:588:15
#4  (inlined)          in py::PyResult<py::PyObject*> std::__invoke_impl<py::PyResult<py::PyObject*>, py::TypePrototype::create<py::PyObject>(std::basic_string_view<char, std::char_traits<char> >)::{lambda(py::PyType*)#1}&, py::PyType*>(std::__invoke_other, py::TypePrototype::create<py::PyObject>(std::basic_string_view<char, std::char_traits<char> >)::{lambda(py::PyType*)#1}&, py::PyType*&&) at /usr/lib/gcc/x86_64-linux-gnu/13/../../../../include/c++/13/bits/invoke.h:61:14
#5  (inlined)          in std::enable_if<is_invocable_r_v<py::PyResult<py::PyObject*>, py::TypePrototype::create<py::PyObject>(std::basic_string_view<char, std::char_traits<char> >)::{lambda(py::PyType*)#1}&, py::PyType*>, py::PyResult<py::PyObject*> >::type std::__invoke_r<py::PyResult<py::PyObject*>, py::TypePrototype::create<py::PyObject>(std::basic_string_view<char, std::char_traits<char> >)::{lambda(py::PyType*)#1}&, py::PyType*>(py::TypePrototype::create<py::PyObject>(std::basic_string_view<char, std::char_traits<char> >)::{lambda(py::PyType*)#1}&, py::PyType*&&) at /usr/lib/gcc/x86_64-linux-gnu/13/../../../../include/c++/13/bits/invoke.h:114:9
#6  0x00005597a25f6275 in std::_Function_handler<py::PyResult<py::PyObject*> (py::PyType*), py::TypePrototype::create<py::PyObject>(std::basic_string_view<char, std::char_traits<char> >)::{lambda(py::PyType*)#1}>::_M_invoke(std::_Any_data const&, py::PyType*&&) at /usr/lib/gcc/x86_64-linux-gnu/13/../../../../include/c++/13/bits/std_function.h:290:9
#7  (inlined)          in std::function<py::PyResult<py::PyObject*> (py::PyType*)>::operator()(py::PyType*) const at /usr/lib/gcc/x86_64-linux-gnu/13/../../../../include/c++/13/bits/std_function.h:591:9
#8  0x00005597a243d0c3 in py::PyType::heap_object_allocation(py::PyType*) at /home/lux/code/language/python-cpp/src/runtime/export/../../runtime/PyType.cpp:490:55
#9  (inlined)          in std::function<py::PyResult<py::PyObject*> (py::PyType*)>::operator()(py::PyType*) const at /usr/lib/gcc/x86_64-linux-gnu/13/../../../../include/c++/13/bits/std_function.h:591:9
#10 0x00005597a2386462 in py::PyType::call_fast_ptrs(py::PyObject**, unsigned long, py::PyDict*) at /home/lux/code/language/python-cpp/src/runtime/export/../../runtime/PyObject.cpp:1329:19
#11 0x00005597a2236b26 in rt_call_raw_ptrs(py::PyObject*, py::PyObject**, int, py::PyObject*) at /home/lux/code/language/python-cpp/src/runtime/export/rt_func.cpp:224:42
#12 0x00005597a222f1ab in test.<module>.0:0.generate_trie.70:0 at /tmp/test
#13 0x00005597a23343c1 in py::PyNativeFunction::call_fast_ptrs(py::PyObject**, unsigned long, py::PyDict*) at /home/lux/code/language/python-cpp/src/runtime/export/../../runtime/PyFunction.cpp:324:15
#14 0x00005597a2236b26 in rt_call_raw_ptrs(py::PyObject*, py::PyObject**, int, py::PyObject*) at /home/lux/code/language/python-cpp/src/runtime/export/rt_func.cpp:224:42
#15 0x00005597a222f5c6 in test.<module>.0:0.find.84:0 at /tmp/test
#16 0x00005597a23343c1 in py::PyNativeFunction::call_fast_ptrs(py::PyObject**, unsigned long, py::PyDict*) at /home/lux/code/language/python-cpp/src/runtime/export/../../runtime/PyFunction.cpp:324:15
#17 0x00005597a2236b26 in rt_call_raw_ptrs(py::PyObject*, py::PyObject**, int, py::PyObject*) at /home/lux/code/language/python-cpp/src/runtime/export/rt_func.cpp:224:42
#18 0x00005597a22309e5 in test.<module>.0:0.run_stress_test.141:0 at /tmp/test
#19 0x00005597a23343c1 in py::PyNativeFunction::call_fast_ptrs(py::PyObject**, unsigned long, py::PyDict*) at /home/lux/code/language/python-cpp/src/runtime/export/../../runtime/PyFunction.cpp:324:15
#20 0x00005597a2236b26 in rt_call_raw_ptrs(py::PyObject*, py::PyObject**, int, py::PyObject*) at /home/lux/code/language/python-cpp/src/runtime/export/rt_func.cpp:224:42
#21 0x00005597a222dc3c in PyInit_test at /tmp/test
#22 0x00005597a2230cda in main at /tmp/test
#23 0x00007ffa7362a1c9 in __libc_start_call_main at ./csu/../sysdeps/nptl/libc_start_call_main.h:58:16
#24 0x00007ffa7362a28a in __libc_start_main_impl at ./csu/../csu/libc-start.c:360:3
#25 0x00005597a222d904 in _start at /tmp/test
[:39.933]   Type: PyDict               | Total:    1505000
[:39.934]   Type: Type                 | Total:    1505000
[:39.936]   Type: PyString             | Total:     860000
[:39.939]   Type: PyDict               | Total:    1510000
[:39.939]   Type: Type                 | Total:    1510000
[:39.945]   Type: PyDict               | Total:    1515000
[:39.945]   Type: Type                 | Total:    1515000
[:39.946]   Type: PyString             | Total:     865000
[:39.951]   Type: PyDict               | Total:    1520000
[:39.951]   Type: Type                 | Total:    1520000
[:39.956]   Type: PyString             | Total:     870000
[:39.956]   Type: PyDict               | Total:    1525000
[:39.957]   Type: Type                 | Total:    1525000
[:39.962]   Type: PyDict               | Total:    1530000
[:39.962]   Type: Type                 | Total:    1530000
[:39.966]   Type: PyString             | Total:     875000
[:39.968]   Type: PyDict               | Total:    1535000
[:39.968]   Type: Type                 | Total:    1535000
[:39.973]   Type: PyDict               | Total:    1540000
[:39.974]   Type: Type                 | Total:    1540000
[:39.976]   Type: PyString             | Total:     880000
[:39.979]   Type: PyDict               | Total:    1545000
[:39.979]   Type: Type                 | Total:    1545000
[:39.985]   Type: PyDict               | Total:    1550000
[:39.985]   Type: Type                 | Total:    1550000
[:39.986]   Type: PyString             | Total:     885000
[:39.990]   Type: PyDict               | Total:    1555000
[:39.991]   Type: Type                 | Total:    1555000
[:39.996]   Type: PyDict               | Total:    1560000
[:39.996]   Type: PyString             | Total:     890000
[:39.996]   Type: Type                 | Total:    1560000
[:40.002]   Type: PyDict               | Total:    1565000
[:40.002]   Type: Type                 | Total:    1565000
[:40.006]   Type: PyString             | Total:     895000
[:40.007]   Type: PyDict               | Total:    1570000
[:40.008]   Type: Type                 | Total:    1570000
[:40.013]   Type: PyDict               | Total:    1575000
[:40.014]   Type: Type                 | Total:    1575000
[:40.018]  [DEBUG_ALLOC_TRACE] Type: PyString             | Total:     900000
Stack trace (most recent call first):
#0  0x00005597a2457ac8 in _pylang_debug_log_alloc(char const*, std::atomic<unsigned long>&) at /home/lux/code/language/python-cpp/src/runtime/export/../../runtime/compat.hpp:41:16
#1  (inlined)          in py::PyString::create_raw(std::__cxx11::basic_string<char, std::char_traits<char>, std::allocator<char> >&&)::$_0::operator()() const at /home/lux/code/language/python-cpp/src/runtime/export/../../runtime/PyString.cpp:326:17
#2  0x00005597a23c6eeb in py::PyString::create_raw(std::__cxx11::basic_string<char, std::char_traits<char>, std::allocator<char> >&&) at /home/lux/code/language/python-cpp/src/runtime/export/../../runtime/PyString.cpp:326:17
#3  0x00005597a23854dc in py::PyType::call_fast_ptrs(py::PyObject**, unsigned long, py::PyDict*) at /home/lux/code/language/python-cpp/src/runtime/export/../../runtime/PyObject.cpp:1283:11
#4  0x00005597a2236b26 in rt_call_raw_ptrs(py::PyObject*, py::PyObject**, int, py::PyObject*) at /home/lux/code/language/python-cpp/src/runtime/export/rt_func.cpp:224:42
#5  0x00005597a222f070 in test.<module>.0:0.generate_trie.70:0 at /tmp/test
#6  0x00005597a23343c1 in py::PyNativeFunction::call_fast_ptrs(py::PyObject**, unsigned long, py::PyDict*) at /home/lux/code/language/python-cpp/src/runtime/export/../../runtime/PyFunction.cpp:324:15
#7  0x00005597a2236b26 in rt_call_raw_ptrs(py::PyObject*, py::PyObject**, int, py::PyObject*) at /home/lux/code/language/python-cpp/src/runtime/export/rt_func.cpp:224:42
#8  0x00005597a222f5c6 in test.<module>.0:0.find.84:0 at /tmp/test
#9  0x00005597a23343c1 in py::PyNativeFunction::call_fast_ptrs(py::PyObject**, unsigned long, py::PyDict*) at /home/lux/code/language/python-cpp/src/runtime/export/../../runtime/PyFunction.cpp:324:15
#10 0x00005597a2236b26 in rt_call_raw_ptrs(py::PyObject*, py::PyObject**, int, py::PyObject*) at /home/lux/code/language/python-cpp/src/runtime/export/rt_func.cpp:224:42
#11 0x00005597a22309e5 in test.<module>.0:0.run_stress_test.141:0 at /tmp/test
#12 0x00005597a23343c1 in py::PyNativeFunction::call_fast_ptrs(py::PyObject**, unsigned long, py::PyDict*) at /home/lux/code/language/python-cpp/src/runtime/export/../../runtime/PyFunction.cpp:324:15
#13 0x00005597a2236b26 in rt_call_raw_ptrs(py::PyObject*, py::PyObject**, int, py::PyObject*) at /home/lux/code/language/python-cpp/src/runtime/export/rt_func.cpp:224:42
#14 0x00005597a222dc3c in PyInit_test at /tmp/test
#15 0x00005597a2230cda in main at /tmp/test
#16 0x00007ffa7362a1c9 in __libc_start_call_main at ./csu/../sysdeps/nptl/libc_start_call_main.h:58:16
#17 0x00007ffa7362a28a in __libc_start_main_impl at ./csu/../csu/libc-start.c:360:3
#18 0x00005597a222d904 in _start at /tmp/test
[:40.021]   Type: PyDict               | Total:    1580000
[:40.021]   Type: Type                 | Total:    1580000
[:40.026]   Type: PyDict               | Total:    1585000
[:40.026]   Type: Type                 | Total:    1585000
[:40.028]   Type: PyString             | Total:     905000
[:40.032]   Type: PyDict               | Total:    1590000
[:40.032]   Type: Type                 | Total:    1590000
[:40.038]   Type: PyDict               | Total:    1595000
[:40.038]   Type: Type                 | Total:    1595000
[:40.038]   Type: PyString             | Total:     910000
[:40.045]  [DEBUG_ALLOC_TRACE] Type: PyDict               | Total:    1600000
Stack trace (most recent call first):
#0  0x00005597a2457ac8 in _pylang_debug_log_alloc(char const*, std::atomic<unsigned long>&) at /home/lux/code/language/python-cpp/src/runtime/export/../../runtime/compat.hpp:41:16
#1  (inlined)          in py::PyDict::create()::$_0::operator()() const at /home/lux/code/language/python-cpp/src/runtime/export/../../runtime/PyDict.cpp:79:17
#2  0x00005597a2318f06 in py::PyDict::create() at /home/lux/code/language/python-cpp/src/runtime/export/../../runtime/PyDict.cpp:79:17
#3  0x00005597a223474b in rt_build_dict(int, py::PyObject**, py::PyObject**) at /home/lux/code/language/python-cpp/src/runtime/export/rt_create.cpp:74:37
#4  0x00005597a222dd13 in test.<module>.0:0.Node.3:0.__init__.4:4 at /tmp/test
#5  0x00005597a23343c1 in py::PyNativeFunction::call_fast_ptrs(py::PyObject**, unsigned long, py::PyDict*) at /home/lux/code/language/python-cpp/src/runtime/export/../../runtime/PyFunction.cpp:324:15
#6  0x00005597a2388270 in py::PyObject::init_fast_ptrs(py::PyObject**, unsigned long, py::PyDict*) at /home/lux/code/language/python-cpp/src/runtime/export/../../runtime/PyObject.cpp:1427:32
#7  0x00005597a238677a in py::PyType::call_fast_ptrs(py::PyObject**, unsigned long, py::PyDict*) at /home/lux/code/language/python-cpp/src/runtime/export/../../runtime/PyObject.cpp:1342:26
#8  0x00005597a2236b26 in rt_call_raw_ptrs(py::PyObject*, py::PyObject**, int, py::PyObject*) at /home/lux/code/language/python-cpp/src/runtime/export/rt_func.cpp:224:42
#9  0x00005597a222f1ab in test.<module>.0:0.generate_trie.70:0 at /tmp/test
#10 0x00005597a23343c1 in py::PyNativeFunction::call_fast_ptrs(py::PyObject**, unsigned long, py::PyDict*) at /home/lux/code/language/python-cpp/src/runtime/export/../../runtime/PyFunction.cpp:324:15
#11 0x00005597a2236b26 in rt_call_raw_ptrs(py::PyObject*, py::PyObject**, int, py::PyObject*) at /home/lux/code/language/python-cpp/src/runtime/export/rt_func.cpp:224:42
#12 0x00005597a222f5c6 in test.<module>.0:0.find.84:0 at /tmp/test
#13 0x00005597a23343c1 in py::PyNativeFunction::call_fast_ptrs(py::PyObject**, unsigned long, py::PyDict*) at /home/lux/code/language/python-cpp/src/runtime/export/../../runtime/PyFunction.cpp:324:15
#14 0x00005597a2236b26 in rt_call_raw_ptrs(py::PyObject*, py::PyObject**, int, py::PyObject*) at /home/lux/code/language/python-cpp/src/runtime/export/rt_func.cpp:224:42
#15 0x00005597a22309e5 in test.<module>.0:0.run_stress_test.141:0 at /tmp/test
#16 0x00005597a23343c1 in py::PyNativeFunction::call_fast_ptrs(py::PyObject**, unsigned long, py::PyDict*) at /home/lux/code/language/python-cpp/src/runtime/export/../../runtime/PyFunction.cpp:324:15
#17 0x00005597a2236b26 in rt_call_raw_ptrs(py::PyObject*, py::PyObject**, int, py::PyObject*) at /home/lux/code/language/python-cpp/src/runtime/export/rt_func.cpp:224:42
#18 0x00005597a222dc3c in PyInit_test at /tmp/test
#19 0x00005597a2230cda in main at /tmp/test
#20 0x00007ffa7362a1c9 in __libc_start_call_main at ./csu/../sysdeps/nptl/libc_start_call_main.h:58:16
#21 0x00007ffa7362a28a in __libc_start_main_impl at ./csu/../csu/libc-start.c:360:3
#22 0x00005597a222d904 in _start at /tmp/test
[:40.047]  [DEBUG_ALLOC_TRACE] Type: Type                 | Total:    1600000
Stack trace (most recent call first):
#0  0x00005597a2457ac8 in _pylang_debug_log_alloc(char const*, std::atomic<unsigned long>&) at /home/lux/code/language/python-cpp/src/runtime/export/../../runtime/compat.hpp:41:16
#1  (inlined)          in py::TypePrototype::create<py::PyObject>(std::basic_string_view<char, std::char_traits<char> >)::{lambda(py::PyType*)#1}::operator()(py::PyType*) const::{lambda()#1}::operator()() const::{lambda()#2}::operator()() const at /home/lux/code/language/python-cpp/src/runtime/export/../../runtime/PyObject.hpp:596:12
#2  0x00005597a25f64b3 in py::TypePrototype::create<py::PyObject>(std::basic_string_view<char, std::char_traits<char> >)::{lambda(py::PyType*)#1}::operator()(py::PyType*) const::{lambda()#1}::operator()() const at /home/lux/code/language/python-cpp/src/runtime/export/../../runtime/PyObject.hpp:596:12
#3  (inlined)          in py::TypePrototype::create<py::PyObject>(std::basic_string_view<char, std::char_traits<char> >)::{lambda(py::PyType*)#1}::operator()(py::PyType*) const at /home/lux/code/language/python-cpp/src/runtime/export/../../runtime/PyObject.hpp:588:15
#4  (inlined)          in py::PyResult<py::PyObject*> std::__invoke_impl<py::PyResult<py::PyObject*>, py::TypePrototype::create<py::PyObject>(std::basic_string_view<char, std::char_traits<char> >)::{lambda(py::PyType*)#1}&, py::PyType*>(std::__invoke_other, py::TypePrototype::create<py::PyObject>(std::basic_string_view<char, std::char_traits<char> >)::{lambda(py::PyType*)#1}&, py::PyType*&&) at /usr/lib/gcc/x86_64-linux-gnu/13/../../../../include/c++/13/bits/invoke.h:61:14
#5  (inlined)          in std::enable_if<is_invocable_r_v<py::PyResult<py::PyObject*>, py::TypePrototype::create<py::PyObject>(std::basic_string_view<char, std::char_traits<char> >)::{lambda(py::PyType*)#1}&, py::PyType*>, py::PyResult<py::PyObject*> >::type std::__invoke_r<py::PyResult<py::PyObject*>, py::TypePrototype::create<py::PyObject>(std::basic_string_view<char, std::char_traits<char> >)::{lambda(py::PyType*)#1}&, py::PyType*>(py::TypePrototype::create<py::PyObject>(std::basic_string_view<char, std::char_traits<char> >)::{lambda(py::PyType*)#1}&, py::PyType*&&) at /usr/lib/gcc/x86_64-linux-gnu/13/../../../../include/c++/13/bits/invoke.h:114:9
#6  0x00005597a25f6275 in std::_Function_handler<py::PyResult<py::PyObject*> (py::PyType*), py::TypePrototype::create<py::PyObject>(std::basic_string_view<char, std::char_traits<char> >)::{lambda(py::PyType*)#1}>::_M_invoke(std::_Any_data const&, py::PyType*&&) at /usr/lib/gcc/x86_64-linux-gnu/13/../../../../include/c++/13/bits/std_function.h:290:9
#7  (inlined)          in std::function<py::PyResult<py::PyObject*> (py::PyType*)>::operator()(py::PyType*) const at /usr/lib/gcc/x86_64-linux-gnu/13/../../../../include/c++/13/bits/std_function.h:591:9
#8  0x00005597a243d0c3 in py::PyType::heap_object_allocation(py::PyType*) at /home/lux/code/language/python-cpp/src/runtime/export/../../runtime/PyType.cpp:490:55
#9  (inlined)          in std::function<py::PyResult<py::PyObject*> (py::PyType*)>::operator()(py::PyType*) const at /usr/lib/gcc/x86_64-linux-gnu/13/../../../../include/c++/13/bits/std_function.h:591:9
#10 0x00005597a2386462 in py::PyType::call_fast_ptrs(py::PyObject**, unsigned long, py::PyDict*) at /home/lux/code/language/python-cpp/src/runtime/export/../../runtime/PyObject.cpp:1329:19
#11 0x00005597a2236b26 in rt_call_raw_ptrs(py::PyObject*, py::PyObject**, int, py::PyObject*) at /home/lux/code/language/python-cpp/src/runtime/export/rt_func.cpp:224:42
#12 0x00005597a222f1ab in test.<module>.0:0.generate_trie.70:0 at /tmp/test
#13 0x00005597a23343c1 in py::PyNativeFunction::call_fast_ptrs(py::PyObject**, unsigned long, py::PyDict*) at /home/lux/code/language/python-cpp/src/runtime/export/../../runtime/PyFunction.cpp:324:15
#14 0x00005597a2236b26 in rt_call_raw_ptrs(py::PyObject*, py::PyObject**, int, py::PyObject*) at /home/lux/code/language/python-cpp/src/runtime/export/rt_func.cpp:224:42
#15 0x00005597a222f5c6 in test.<module>.0:0.find.84:0 at /tmp/test
#16 0x00005597a23343c1 in py::PyNativeFunction::call_fast_ptrs(py::PyObject**, unsigned long, py::PyDict*) at /home/lux/code/language/python-cpp/src/runtime/export/../../runtime/PyFunction.cpp:324:15
#17 0x00005597a2236b26 in rt_call_raw_ptrs(py::PyObject*, py::PyObject**, int, py::PyObject*) at /home/lux/code/language/python-cpp/src/runtime/export/rt_func.cpp:224:42
#18 0x00005597a22309e5 in test.<module>.0:0.run_stress_test.141:0 at /tmp/test
#19 0x00005597a23343c1 in py::PyNativeFunction::call_fast_ptrs(py::PyObject**, unsigned long, py::PyDict*) at /home/lux/code/language/python-cpp/src/runtime/export/../../runtime/PyFunction.cpp:324:15
#20 0x00005597a2236b26 in rt_call_raw_ptrs(py::PyObject*, py::PyObject**, int, py::PyObject*) at /home/lux/code/language/python-cpp/src/runtime/export/rt_func.cpp:224:42
#21 0x00005597a222dc3c in PyInit_test at /tmp/test
#22 0x00005597a2230cda in main at /tmp/test
#23 0x00007ffa7362a1c9 in __libc_start_call_main at ./csu/../sysdeps/nptl/libc_start_call_main.h:58:16
#24 0x00007ffa7362a28a in __libc_start_main_impl at ./csu/../csu/libc-start.c:360:3
#25 0x00005597a222d904 in _start at /tmp/test
[:40.051]   Type: PyString             | Total:     915000
[:40.052]   Type: PyDict               | Total:    1605000
[:40.052]   Type: Type                 | Total:    1605000
[:40.058]   Type: PyDict               | Total:    1610000
[:40.058]   Type: Type                 | Total:    1610000
[:40.062]   Type: PyString             | Total:     920000
[:40.064]   Type: PyDict               | Total:    1615000
[:40.064]   Type: Type                 | Total:    1615000
[:40.070]   Type: PyDict               | Total:    1620000
[:40.070]   Type: Type                 | Total:    1620000
[:40.072]   Type: PyString             | Total:     925000
[:40.075]   Type: PyDict               | Total:    1625000
[:40.075]   Type: Type                 | Total:    1625000
[:40.081]   Type: PyDict               | Total:    1630000
[:40.081]   Type: Type                 | Total:    1630000
[:40.082]   Type: PyString             | Total:     930000
[:40.086]   Type: PyDict               | Total:    1635000
[:40.087]   Type: Type                 | Total:    1635000
[:40.092]   Type: PyString             | Total:     935000
[:40.092]   Type: PyDict               | Total:    1640000
[:40.092]   Type: Type                 | Total:    1640000
[:40.098]   Type: PyDict               | Total:    1645000
[:40.098]   Type: Type                 | Total:    1645000
[:40.102]   Type: PyString             | Total:     940000
[:40.104]   Type: PyDict               | Total:    1650000
[:40.104]   Type: Type                 | Total:    1650000
[:40.109]   Type: PyDict               | Total:    1655000
[:40.110]   Type: Type                 | Total:    1655000
[:40.112]   Type: PyString             | Total:     945000
[:40.115]   Type: PyDict               | Total:    1660000
[:40.115]   Type: Type                 | Total:    1660000
[:40.121]   Type: PyDict               | Total:    1665000
[:40.121]   Type: Type                 | Total:    1665000
[:40.123]   Type: PyString             | Total:     950000
[:40.127]   Type: PyDict               | Total:    1670000
[:40.127]   Type: Type                 | Total:    1670000
[:40.132]   Type: PyDict               | Total:    1675000
[:40.132]   Type: Type                 | Total:    1675000
[:40.133]   Type: PyString             | Total:     955000
[:40.138]   Type: PyDict               | Total:    1680000
[:40.138]   Type: Type                 | Total:    1680000
[:40.143]   Type: PyString             | Total:     960000
[:40.144]   Type: PyDict               | Total:    1685000
[:40.144]   Type: Type                 | Total:    1685000
[:40.149]   Type: PyDict               | Total:    1690000
[:40.150]   Type: Type                 | Total:    1690000
[:40.153]   Type: PyString             | Total:     965000
[:40.155]   Type: PyDict               | Total:    1695000
[:40.155]   Type: Type                 | Total:    1695000
[:40.162]  [DEBUG_ALLOC_TRACE] Type: PyDict               | Total:    1700000
Stack trace (most recent call first):
#0  0x00005597a2457ac8 in _pylang_debug_log_alloc(char const*, std::atomic<unsigned long>&) at /home/lux/code/language/python-cpp/src/runtime/export/../../runtime/compat.hpp:41:16
#1  (inlined)          in py::PyDict::create()::$_0::operator()() const at /home/lux/code/language/python-cpp/src/runtime/export/../../runtime/PyDict.cpp:79:17
#2  0x00005597a2318f06 in py::PyDict::create() at /home/lux/code/language/python-cpp/src/runtime/export/../../runtime/PyDict.cpp:79:17
#3  0x00005597a223474b in rt_build_dict(int, py::PyObject**, py::PyObject**) at /home/lux/code/language/python-cpp/src/runtime/export/rt_create.cpp:74:37
#4  0x00005597a222dd13 in test.<module>.0:0.Node.3:0.__init__.4:4 at /tmp/test
#5  0x00005597a23343c1 in py::PyNativeFunction::call_fast_ptrs(py::PyObject**, unsigned long, py::PyDict*) at /home/lux/code/language/python-cpp/src/runtime/export/../../runtime/PyFunction.cpp:324:15
#6  0x00005597a2388270 in py::PyObject::init_fast_ptrs(py::PyObject**, unsigned long, py::PyDict*) at /home/lux/code/language/python-cpp/src/runtime/export/../../runtime/PyObject.cpp:1427:32
#7  0x00005597a238677a in py::PyType::call_fast_ptrs(py::PyObject**, unsigned long, py::PyDict*) at /home/lux/code/language/python-cpp/src/runtime/export/../../runtime/PyObject.cpp:1342:26
#8  0x00005597a2236b26 in rt_call_raw_ptrs(py::PyObject*, py::PyObject**, int, py::PyObject*) at /home/lux/code/language/python-cpp/src/runtime/export/rt_func.cpp:224:42
#9  0x00005597a222f1ab in test.<module>.0:0.generate_trie.70:0 at /tmp/test
#10 0x00005597a23343c1 in py::PyNativeFunction::call_fast_ptrs(py::PyObject**, unsigned long, py::PyDict*) at /home/lux/code/language/python-cpp/src/runtime/export/../../runtime/PyFunction.cpp:324:15
#11 0x00005597a2236b26 in rt_call_raw_ptrs(py::PyObject*, py::PyObject**, int, py::PyObject*) at /home/lux/code/language/python-cpp/src/runtime/export/rt_func.cpp:224:42
#12 0x00005597a222f5c6 in test.<module>.0:0.find.84:0 at /tmp/test
#13 0x00005597a23343c1 in py::PyNativeFunction::call_fast_ptrs(py::PyObject**, unsigned long, py::PyDict*) at /home/lux/code/language/python-cpp/src/runtime/export/../../runtime/PyFunction.cpp:324:15
#14 0x00005597a2236b26 in rt_call_raw_ptrs(py::PyObject*, py::PyObject**, int, py::PyObject*) at /home/lux/code/language/python-cpp/src/runtime/export/rt_func.cpp:224:42
#15 0x00005597a22309e5 in test.<module>.0:0.run_stress_test.141:0 at /tmp/test
#16 0x00005597a23343c1 in py::PyNativeFunction::call_fast_ptrs(py::PyObject**, unsigned long, py::PyDict*) at /home/lux/code/language/python-cpp/src/runtime/export/../../runtime/PyFunction.cpp:324:15
#17 0x00005597a2236b26 in rt_call_raw_ptrs(py::PyObject*, py::PyObject**, int, py::PyObject*) at /home/lux/code/language/python-cpp/src/runtime/export/rt_func.cpp:224:42
#18 0x00005597a222dc3c in PyInit_test at /tmp/test
#19 0x00005597a2230cda in main at /tmp/test
#20 0x00007ffa7362a1c9 in __libc_start_call_main at ./csu/../sysdeps/nptl/libc_start_call_main.h:58:16
#21 0x00007ffa7362a28a in __libc_start_main_impl at ./csu/../csu/libc-start.c:360:3
#22 0x00005597a222d904 in _start at /tmp/test
[:40.164]  [DEBUG_ALLOC_TRACE] Type: Type                 | Total:    1700000
Stack trace (most recent call first):
#0  0x00005597a2457ac8 in _pylang_debug_log_alloc(char const*, std::atomic<unsigned long>&) at /home/lux/code/language/python-cpp/src/runtime/export/../../runtime/compat.hpp:41:16
#1  (inlined)          in py::TypePrototype::create<py::PyObject>(std::basic_string_view<char, std::char_traits<char> >)::{lambda(py::PyType*)#1}::operator()(py::PyType*) const::{lambda()#1}::operator()() const::{lambda()#2}::operator()() const at /home/lux/code/language/python-cpp/src/runtime/export/../../runtime/PyObject.hpp:596:12
#2  0x00005597a25f64b3 in py::TypePrototype::create<py::PyObject>(std::basic_string_view<char, std::char_traits<char> >)::{lambda(py::PyType*)#1}::operator()(py::PyType*) const::{lambda()#1}::operator()() const at /home/lux/code/language/python-cpp/src/runtime/export/../../runtime/PyObject.hpp:596:12
#3  (inlined)          in py::TypePrototype::create<py::PyObject>(std::basic_string_view<char, std::char_traits<char> >)::{lambda(py::PyType*)#1}::operator()(py::PyType*) const at /home/lux/code/language/python-cpp/src/runtime/export/../../runtime/PyObject.hpp:588:15
#4  (inlined)          in py::PyResult<py::PyObject*> std::__invoke_impl<py::PyResult<py::PyObject*>, py::TypePrototype::create<py::PyObject>(std::basic_string_view<char, std::char_traits<char> >)::{lambda(py::PyType*)#1}&, py::PyType*>(std::__invoke_other, py::TypePrototype::create<py::PyObject>(std::basic_string_view<char, std::char_traits<char> >)::{lambda(py::PyType*)#1}&, py::PyType*&&) at /usr/lib/gcc/x86_64-linux-gnu/13/../../../../include/c++/13/bits/invoke.h:61:14
#5  (inlined)          in std::enable_if<is_invocable_r_v<py::PyResult<py::PyObject*>, py::TypePrototype::create<py::PyObject>(std::basic_string_view<char, std::char_traits<char> >)::{lambda(py::PyType*)#1}&, py::PyType*>, py::PyResult<py::PyObject*> >::type std::__invoke_r<py::PyResult<py::PyObject*>, py::TypePrototype::create<py::PyObject>(std::basic_string_view<char, std::char_traits<char> >)::{lambda(py::PyType*)#1}&, py::PyType*>(py::TypePrototype::create<py::PyObject>(std::basic_string_view<char, std::char_traits<char> >)::{lambda(py::PyType*)#1}&, py::PyType*&&) at /usr/lib/gcc/x86_64-linux-gnu/13/../../../../include/c++/13/bits/invoke.h:114:9
#6  0x00005597a25f6275 in std::_Function_handler<py::PyResult<py::PyObject*> (py::PyType*), py::TypePrototype::create<py::PyObject>(std::basic_string_view<char, std::char_traits<char> >)::{lambda(py::PyType*)#1}>::_M_invoke(std::_Any_data const&, py::PyType*&&) at /usr/lib/gcc/x86_64-linux-gnu/13/../../../../include/c++/13/bits/std_function.h:290:9
#7  (inlined)          in std::function<py::PyResult<py::PyObject*> (py::PyType*)>::operator()(py::PyType*) const at /usr/lib/gcc/x86_64-linux-gnu/13/../../../../include/c++/13/bits/std_function.h:591:9
#8  0x00005597a243d0c3 in py::PyType::heap_object_allocation(py::PyType*) at /home/lux/code/language/python-cpp/src/runtime/export/../../runtime/PyType.cpp:490:55
#9  (inlined)          in std::function<py::PyResult<py::PyObject*> (py::PyType*)>::operator()(py::PyType*) const at /usr/lib/gcc/x86_64-linux-gnu/13/../../../../include/c++/13/bits/std_function.h:591:9
#10 0x00005597a2386462 in py::PyType::call_fast_ptrs(py::PyObject**, unsigned long, py::PyDict*) at /home/lux/code/language/python-cpp/src/runtime/export/../../runtime/PyObject.cpp:1329:19
#11 0x00005597a2236b26 in rt_call_raw_ptrs(py::PyObject*, py::PyObject**, int, py::PyObject*) at /home/lux/code/language/python-cpp/src/runtime/export/rt_func.cpp:224:42
#12 0x00005597a222f1ab in test.<module>.0:0.generate_trie.70:0 at /tmp/test
#13 0x00005597a23343c1 in py::PyNativeFunction::call_fast_ptrs(py::PyObject**, unsigned long, py::PyDict*) at /home/lux/code/language/python-cpp/src/runtime/export/../../runtime/PyFunction.cpp:324:15
#14 0x00005597a2236b26 in rt_call_raw_ptrs(py::PyObject*, py::PyObject**, int, py::PyObject*) at /home/lux/code/language/python-cpp/src/runtime/export/rt_func.cpp:224:42
#15 0x00005597a222f5c6 in test.<module>.0:0.find.84:0 at /tmp/test
#16 0x00005597a23343c1 in py::PyNativeFunction::call_fast_ptrs(py::PyObject**, unsigned long, py::PyDict*) at /home/lux/code/language/python-cpp/src/runtime/export/../../runtime/PyFunction.cpp:324:15
#17 0x00005597a2236b26 in rt_call_raw_ptrs(py::PyObject*, py::PyObject**, int, py::PyObject*) at /home/lux/code/language/python-cpp/src/runtime/export/rt_func.cpp:224:42
#18 0x00005597a22309e5 in test.<module>.0:0.run_stress_test.141:0 at /tmp/test
#19 0x00005597a23343c1 in py::PyNativeFunction::call_fast_ptrs(py::PyObject**, unsigned long, py::PyDict*) at /home/lux/code/language/python-cpp/src/runtime/export/../../runtime/PyFunction.cpp:324:15
#20 0x00005597a2236b26 in rt_call_raw_ptrs(py::PyObject*, py::PyObject**, int, py::PyObject*) at /home/lux/code/language/python-cpp/src/runtime/export/rt_func.cpp:224:42
#21 0x00005597a222dc3c in PyInit_test at /tmp/test
#22 0x00005597a2230cda in main at /tmp/test
#23 0x00007ffa7362a1c9 in __libc_start_call_main at ./csu/../sysdeps/nptl/libc_start_call_main.h:58:16
#24 0x00007ffa7362a28a in __libc_start_main_impl at ./csu/../csu/libc-start.c:360:3
#25 0x00005597a222d904 in _start at /tmp/test
[:40.166]   Type: PyString             | Total:     970000
[:40.170]   Type: PyDict               | Total:    1705000
[:40.171]   Type: Type                 | Total:    1705000
[:40.176]   Type: PyDict               | Total:    1710000
[:40.177]   Type: Type                 | Total:    1710000
[:40.178]   Type: PyString             | Total:     975000
[:40.182]   Type: PyDict               | Total:    1715000
[:40.182]   Type: Type                 | Total:    1715000
[:40.188]   Type: PyString             | Total:     980000
[:40.188]   Type: PyDict               | Total:    1720000
[:40.189]   Type: Type                 | Total:    1720000
[:40.194]   Type: PyDict               | Total:    1725000
[:40.194]   Type: Type                 | Total:    1725000
[:40.198]   Type: PyString             | Total:     985000
[:40.200]   Type: PyDict               | Total:    1730000
[:40.200]   Type: Type                 | Total:    1730000
[:40.206]   Type: PyDict               | Total:    1735000
[:40.206]   Type: Type                 | Total:    1735000
[:40.209]   Type: PyString             | Total:     990000
[:40.212]   Type: PyDict               | Total:    1740000
[:40.212]   Type: Type                 | Total:    1740000
[:40.218]   Type: PyDict               | Total:    1745000
[:40.218]   Type: Type                 | Total:    1745000
[:40.220]   Type: PyString             | Total:     995000
[:40.224]   Type: PyDict               | Total:    1750000
[:40.224]   Type: Type                 | Total:    1750000
[:40.230]   Type: PyDict               | Total:    1755000
[:40.230]   Type: Type                 | Total:    1755000
[:40.232]  [DEBUG_ALLOC_TRACE] Type: PyString             | Total:    1000000
Stack trace (most recent call first):
#0  0x00005597a2457ac8 in _pylang_debug_log_alloc(char const*, std::atomic<unsigned long>&) at /home/lux/code/language/python-cpp/src/runtime/export/../../runtime/compat.hpp:41:16
#1  (inlined)          in py::PyString::create_raw(std::__cxx11::basic_string<char, std::char_traits<char>, std::allocator<char> >&&)::$_0::operator()() const at /home/lux/code/language/python-cpp/src/runtime/export/../../runtime/PyString.cpp:326:17
#2  0x00005597a23c6eeb in py::PyString::create_raw(std::__cxx11::basic_string<char, std::char_traits<char>, std::allocator<char> >&&) at /home/lux/code/language/python-cpp/src/runtime/export/../../runtime/PyString.cpp:326:17
#3  0x00005597a23854dc in py::PyType::call_fast_ptrs(py::PyObject**, unsigned long, py::PyDict*) at /home/lux/code/language/python-cpp/src/runtime/export/../../runtime/PyObject.cpp:1283:11
#4  0x00005597a2236b26 in rt_call_raw_ptrs(py::PyObject*, py::PyObject**, int, py::PyObject*) at /home/lux/code/language/python-cpp/src/runtime/export/rt_func.cpp:224:42
#5  0x00005597a222f070 in test.<module>.0:0.generate_trie.70:0 at /tmp/test
#6  0x00005597a23343c1 in py::PyNativeFunction::call_fast_ptrs(py::PyObject**, unsigned long, py::PyDict*) at /home/lux/code/language/python-cpp/src/runtime/export/../../runtime/PyFunction.cpp:324:15
#7  0x00005597a2236b26 in rt_call_raw_ptrs(py::PyObject*, py::PyObject**, int, py::PyObject*) at /home/lux/code/language/python-cpp/src/runtime/export/rt_func.cpp:224:42
#8  0x00005597a222f5c6 in test.<module>.0:0.find.84:0 at /tmp/test
#9  0x00005597a23343c1 in py::PyNativeFunction::call_fast_ptrs(py::PyObject**, unsigned long, py::PyDict*) at /home/lux/code/language/python-cpp/src/runtime/export/../../runtime/PyFunction.cpp:324:15
#10 0x00005597a2236b26 in rt_call_raw_ptrs(py::PyObject*, py::PyObject**, int, py::PyObject*) at /home/lux/code/language/python-cpp/src/runtime/export/rt_func.cpp:224:42
#11 0x00005597a22309e5 in test.<module>.0:0.run_stress_test.141:0 at /tmp/test
#12 0x00005597a23343c1 in py::PyNativeFunction::call_fast_ptrs(py::PyObject**, unsigned long, py::PyDict*) at /home/lux/code/language/python-cpp/src/runtime/export/../../runtime/PyFunction.cpp:324:15
#13 0x00005597a2236b26 in rt_call_raw_ptrs(py::PyObject*, py::PyObject**, int, py::PyObject*) at /home/lux/code/language/python-cpp/src/runtime/export/rt_func.cpp:224:42
#14 0x00005597a222dc3c in PyInit_test at /tmp/test
#15 0x00005597a2230cda in main at /tmp/test
#16 0x00007ffa7362a1c9 in __libc_start_call_main at ./csu/../sysdeps/nptl/libc_start_call_main.h:58:16
#17 0x00007ffa7362a28a in __libc_start_main_impl at ./csu/../csu/libc-start.c:360:3
#18 0x00005597a222d904 in _start at /tmp/test
[:40.237]   Type: PyDict               | Total:    1760000
[:40.238]   Type: Type                 | Total:    1760000
[:40.242]   Type: PyString             | Total:    1005000
[:40.243]   Type: PyDict               | Total:    1765000
[:40.243]   Type: Type                 | Total:    1765000
[:40.249]   Type: PyDict               | Total:    1770000
[:40.249]   Type: Type                 | Total:    1770000
[:40.253]   Type: PyString             | Total:    1010000
[:40.255]   Type: PyDict               | Total:    1775000
[:40.255]   Type: Type                 | Total:    1775000
[:40.261]   Type: PyDict               | Total:    1780000
[:40.261]   Type: Type                 | Total:    1780000
[:40.264]   Type: PyString             | Total:    1015000
[:40.267]   Type: PyDict               | Total:    1785000
[:40.267]   Type: Type                 | Total:    1785000
[:40.273]   Type: PyDict               | Total:    1790000
[:40.273]   Type: Type                 | Total:    1790000
[:40.274]   Type: PyString             | Total:    1020000
[:40.279]   Type: PyDict               | Total:    1795000
[:40.279]   Type: Type                 | Total:    1795000
[:40.286]  [DEBUG_ALLOC_TRACE] Type: PyDict               | Total:    1800000
Stack trace (most recent call first):
#0  0x00005597a2457ac8 in _pylang_debug_log_alloc(char const*, std::atomic<unsigned long>&) at /home/lux/code/language/python-cpp/src/runtime/export/../../runtime/compat.hpp:41:16
#1  (inlined)          in py::PyDict::create()::$_0::operator()() const at /home/lux/code/language/python-cpp/src/runtime/export/../../runtime/PyDict.cpp:79:17
#2  0x00005597a2318f06 in py::PyDict::create() at /home/lux/code/language/python-cpp/src/runtime/export/../../runtime/PyDict.cpp:79:17
#3  0x00005597a223474b in rt_build_dict(int, py::PyObject**, py::PyObject**) at /home/lux/code/language/python-cpp/src/runtime/export/rt_create.cpp:74:37
#4  0x00005597a222dd13 in test.<module>.0:0.Node.3:0.__init__.4:4 at /tmp/test
#5  0x00005597a23343c1 in py::PyNativeFunction::call_fast_ptrs(py::PyObject**, unsigned long, py::PyDict*) at /home/lux/code/language/python-cpp/src/runtime/export/../../runtime/PyFunction.cpp:324:15
#6  0x00005597a2388270 in py::PyObject::init_fast_ptrs(py::PyObject**, unsigned long, py::PyDict*) at /home/lux/code/language/python-cpp/src/runtime/export/../../runtime/PyObject.cpp:1427:32
#7  0x00005597a238677a in py::PyType::call_fast_ptrs(py::PyObject**, unsigned long, py::PyDict*) at /home/lux/code/language/python-cpp/src/runtime/export/../../runtime/PyObject.cpp:1342:26
#8  0x00005597a2236b26 in rt_call_raw_ptrs(py::PyObject*, py::PyObject**, int, py::PyObject*) at /home/lux/code/language/python-cpp/src/runtime/export/rt_func.cpp:224:42
#9  0x00005597a222f1ab in test.<module>.0:0.generate_trie.70:0 at /tmp/test
#10 0x00005597a23343c1 in py::PyNativeFunction::call_fast_ptrs(py::PyObject**, unsigned long, py::PyDict*) at /home/lux/code/language/python-cpp/src/runtime/export/../../runtime/PyFunction.cpp:324:15
#11 0x00005597a2236b26 in rt_call_raw_ptrs(py::PyObject*, py::PyObject**, int, py::PyObject*) at /home/lux/code/language/python-cpp/src/runtime/export/rt_func.cpp:224:42
#12 0x00005597a222f5c6 in test.<module>.0:0.find.84:0 at /tmp/test
#13 0x00005597a23343c1 in py::PyNativeFunction::call_fast_ptrs(py::PyObject**, unsigned long, py::PyDict*) at /home/lux/code/language/python-cpp/src/runtime/export/../../runtime/PyFunction.cpp:324:15
#14 0x00005597a2236b26 in rt_call_raw_ptrs(py::PyObject*, py::PyObject**, int, py::PyObject*) at /home/lux/code/language/python-cpp/src/runtime/export/rt_func.cpp:224:42
#15 0x00005597a22309e5 in test.<module>.0:0.run_stress_test.141:0 at /tmp/test
#16 0x00005597a23343c1 in py::PyNativeFunction::call_fast_ptrs(py::PyObject**, unsigned long, py::PyDict*) at /home/lux/code/language/python-cpp/src/runtime/export/../../runtime/PyFunction.cpp:324:15
#17 0x00005597a2236b26 in rt_call_raw_ptrs(py::PyObject*, py::PyObject**, int, py::PyObject*) at /home/lux/code/language/python-cpp/src/runtime/export/rt_func.cpp:224:42
#18 0x00005597a222dc3c in PyInit_test at /tmp/test
#19 0x00005597a2230cda in main at /tmp/test
#20 0x00007ffa7362a1c9 in __libc_start_call_main at ./csu/../sysdeps/nptl/libc_start_call_main.h:58:16
#21 0x00007ffa7362a28a in __libc_start_main_impl at ./csu/../csu/libc-start.c:360:3
#22 0x00005597a222d904 in _start at /tmp/test
[:40.287]   Type: PyString             | Total:    1025000
[:40.288]  [DEBUG_ALLOC_TRACE] Type: Type                 | Total:    1800000
Stack trace (most recent call first):
#0  0x00005597a2457ac8 in _pylang_debug_log_alloc(char const*, std::atomic<unsigned long>&) at /home/lux/code/language/python-cpp/src/runtime/export/../../runtime/compat.hpp:41:16
#1  (inlined)          in py::TypePrototype::create<py::PyObject>(std::basic_string_view<char, std::char_traits<char> >)::{lambda(py::PyType*)#1}::operator()(py::PyType*) const::{lambda()#1}::operator()() const::{lambda()#2}::operator()() const at /home/lux/code/language/python-cpp/src/runtime/export/../../runtime/PyObject.hpp:596:12
#2  0x00005597a25f64b3 in py::TypePrototype::create<py::PyObject>(std::basic_string_view<char, std::char_traits<char> >)::{lambda(py::PyType*)#1}::operator()(py::PyType*) const::{lambda()#1}::operator()() const at /home/lux/code/language/python-cpp/src/runtime/export/../../runtime/PyObject.hpp:596:12
#3  (inlined)          in py::TypePrototype::create<py::PyObject>(std::basic_string_view<char, std::char_traits<char> >)::{lambda(py::PyType*)#1}::operator()(py::PyType*) const at /home/lux/code/language/python-cpp/src/runtime/export/../../runtime/PyObject.hpp:588:15
#4  (inlined)          in py::PyResult<py::PyObject*> std::__invoke_impl<py::PyResult<py::PyObject*>, py::TypePrototype::create<py::PyObject>(std::basic_string_view<char, std::char_traits<char> >)::{lambda(py::PyType*)#1}&, py::PyType*>(std::__invoke_other, py::TypePrototype::create<py::PyObject>(std::basic_string_view<char, std::char_traits<char> >)::{lambda(py::PyType*)#1}&, py::PyType*&&) at /usr/lib/gcc/x86_64-linux-gnu/13/../../../../include/c++/13/bits/invoke.h:61:14
#5  (inlined)          in std::enable_if<is_invocable_r_v<py::PyResult<py::PyObject*>, py::TypePrototype::create<py::PyObject>(std::basic_string_view<char, std::char_traits<char> >)::{lambda(py::PyType*)#1}&, py::PyType*>, py::PyResult<py::PyObject*> >::type std::__invoke_r<py::PyResult<py::PyObject*>, py::TypePrototype::create<py::PyObject>(std::basic_string_view<char, std::char_traits<char> >)::{lambda(py::PyType*)#1}&, py::PyType*>(py::TypePrototype::create<py::PyObject>(std::basic_string_view<char, std::char_traits<char> >)::{lambda(py::PyType*)#1}&, py::PyType*&&) at /usr/lib/gcc/x86_64-linux-gnu/13/../../../../include/c++/13/bits/invoke.h:114:9
#6  0x00005597a25f6275 in std::_Function_handler<py::PyResult<py::PyObject*> (py::PyType*), py::TypePrototype::create<py::PyObject>(std::basic_string_view<char, std::char_traits<char> >)::{lambda(py::PyType*)#1}>::_M_invoke(std::_Any_data const&, py::PyType*&&) at /usr/lib/gcc/x86_64-linux-gnu/13/../../../../include/c++/13/bits/std_function.h:290:9
#7  (inlined)          in std::function<py::PyResult<py::PyObject*> (py::PyType*)>::operator()(py::PyType*) const at /usr/lib/gcc/x86_64-linux-gnu/13/../../../../include/c++/13/bits/std_function.h:591:9
#8  0x00005597a243d0c3 in py::PyType::heap_object_allocation(py::PyType*) at /home/lux/code/language/python-cpp/src/runtime/export/../../runtime/PyType.cpp:490:55
#9  (inlined)          in std::function<py::PyResult<py::PyObject*> (py::PyType*)>::operator()(py::PyType*) const at /usr/lib/gcc/x86_64-linux-gnu/13/../../../../include/c++/13/bits/std_function.h:591:9
#10 0x00005597a2386462 in py::PyType::call_fast_ptrs(py::PyObject**, unsigned long, py::PyDict*) at /home/lux/code/language/python-cpp/src/runtime/export/../../runtime/PyObject.cpp:1329:19
#11 0x00005597a2236b26 in rt_call_raw_ptrs(py::PyObject*, py::PyObject**, int, py::PyObject*) at /home/lux/code/language/python-cpp/src/runtime/export/rt_func.cpp:224:42
#12 0x00005597a222f1ab in test.<module>.0:0.generate_trie.70:0 at /tmp/test
#13 0x00005597a23343c1 in py::PyNativeFunction::call_fast_ptrs(py::PyObject**, unsigned long, py::PyDict*) at /home/lux/code/language/python-cpp/src/runtime/export/../../runtime/PyFunction.cpp:324:15
#14 0x00005597a2236b26 in rt_call_raw_ptrs(py::PyObject*, py::PyObject**, int, py::PyObject*) at /home/lux/code/language/python-cpp/src/runtime/export/rt_func.cpp:224:42
#15 0x00005597a222f5c6 in test.<module>.0:0.find.84:0 at /tmp/test
#16 0x00005597a23343c1 in py::PyNativeFunction::call_fast_ptrs(py::PyObject**, unsigned long, py::PyDict*) at /home/lux/code/language/python-cpp/src/runtime/export/../../runtime/PyFunction.cpp:324:15
#17 0x00005597a2236b26 in rt_call_raw_ptrs(py::PyObject*, py::PyObject**, int, py::PyObject*) at /home/lux/code/language/python-cpp/src/runtime/export/rt_func.cpp:224:42
#18 0x00005597a22309e5 in test.<module>.0:0.run_stress_test.141:0 at /tmp/test
#19 0x00005597a23343c1 in py::PyNativeFunction::call_fast_ptrs(py::PyObject**, unsigned long, py::PyDict*) at /home/lux/code/language/python-cpp/src/runtime/export/../../runtime/PyFunction.cpp:324:15
#20 0x00005597a2236b26 in rt_call_raw_ptrs(py::PyObject*, py::PyObject**, int, py::PyObject*) at /home/lux/code/language/python-cpp/src/runtime/export/rt_func.cpp:224:42
#21 0x00005597a222dc3c in PyInit_test at /tmp/test
#22 0x00005597a2230cda in main at /tmp/test
#23 0x00007ffa7362a1c9 in __libc_start_call_main at ./csu/../sysdeps/nptl/libc_start_call_main.h:58:16
#24 0x00007ffa7362a28a in __libc_start_main_impl at ./csu/../csu/libc-start.c:360:3
#25 0x00005597a222d904 in _start at /tmp/test
[:40.295]   Type: PyDict               | Total:    1805000
[:40.295]   Type: Type                 | Total:    1805000
[:40.299]   Type: PyString             | Total:    1030000
[:40.301]   Type: PyDict               | Total:    1810000
[:40.301]   Type: Type                 | Total:    1810000
[:40.307]   Type: PyDict               | Total:    1815000
[:40.307]   Type: Type                 | Total:    1815000
[:40.310]   Type: PyString             | Total:    1035000
[:40.312]   Type: PyDict               | Total:    1820000
[:40.313]   Type: Type                 | Total:    1820000
[:40.318]   Type: PyDict               | Total:    1825000
[:40.318]   Type: Type                 | Total:    1825000
[:40.320]   Type: PyString             | Total:    1040000
[:40.324]   Type: PyDict               | Total:    1830000
[:40.324]   Type: Type                 | Total:    1830000
[:40.330]   Type: PyDict               | Total:    1835000
[:40.330]   Type: Type                 | Total:    1835000
[:40.331]   Type: PyString             | Total:    1045000
[:40.336]   Type: PyDict               | Total:    1840000
[:40.336]   Type: Type                 | Total:    1840000
[:40.341]   Type: PyString             | Total:    1050000
[:40.341]   Type: PyDict               | Total:    1845000
[:40.342]   Type: Type                 | Total:    1845000
[:40.348]   Type: PyDict               | Total:    1850000
[:40.348]   Type: Type                 | Total:    1850000
[:40.352]   Type: PyString             | Total:    1055000
[:40.354]   Type: PyDict               | Total:    1855000
[:40.354]   Type: Type                 | Total:    1855000
[:40.360]   Type: PyDict               | Total:    1860000
[:40.360]   Type: Type                 | Total:    1860000
[:40.363]   Type: PyString             | Total:    1060000
[:40.366]   Type: PyDict               | Total:    1865000
[:40.366]   Type: Type                 | Total:    1865000
[:40.371]   Type: PyDict               | Total:    1870000
[:40.372]   Type: Type                 | Total:    1870000
[:40.373]   Type: PyString             | Total:    1065000
[:40.377]   Type: PyDict               | Total:    1875000
[:40.377]   Type: Type                 | Total:    1875000
[:40.383]   Type: PyDict               | Total:    1880000
[:40.383]   Type: Type                 | Total:    1880000
[:40.383]   Type: PyString             | Total:    1070000
[:40.389]   Type: PyDict               | Total:    1885000
[:40.389]   Type: Type                 | Total:    1885000
[:40.394]   Type: PyString             | Total:    1075000
[:40.395]   Type: PyDict               | Total:    1890000
[:40.395]   Type: Type                 | Total:    1890000
[:40.400]   Type: PyDict               | Total:    1895000
[:40.400]   Type: Type                 | Total:    1895000
[:40.404]   Type: PyString             | Total:    1080000
[:40.408]  [DEBUG_ALLOC_TRACE] Type: PyDict               | Total:    1900000
